,State Name,District Name,Total Population,Total Urban Population,Total Rural Population,Total Literacy Rate (%),Total Literacy Rate Urban (%),Total Literacy Rate Rural (%),Total Literacy Rate Male (%),Total Literacy Rate Male Urban (%),Total Literacy Rate Male Rural (%),Total Literacy Rate Female (%),Total Literacy Rate Urban Female (%),Total Literacy Rate Rural Female (%),Education (%),Medical (%),Post Office (%),Telephone (%),Transport Communications (%),Banks (%),Agricultural  Credit Societies (%),Approach by Pucca Road (%),Total Workers (%),Total Male Workers (%),Total Female Workers (%)
0,,,,,,,,,,,,,,,,,,,,,,,,,
1,,,,,,,,,,,,,,,,,,,,,,,,,
2,,Dadra_&_Nagar_Haveli,343709,160595,183114,76.24,89.79,64.12,85.17,93.99,76.4,64.32,83.38,49.58,63.0,39.0,34.0,59.0,57.0,1.0,0.0,63.0,45.73,61.57,25.25
3,,,,,,,,,,,,,,,,,,,,,,,,,
4,,Lakshadweep,64473,50332,14141,91.85,91.92,91.58,95.56,95.84,94.53,87.95,87.79,88.5,66.67,66.67,66.67,100.0,100.0,50.0,50.0,0.0,29.09,46.25,10.96
5,,,,,,,,,,,,,,,,,,,,,,,,,
6,,Nicobars,238142,140747,97395,78.06,0.0,78.06,83.36,0.0,83.36,71.06,0.0,71.06,54.44,43.33,10.0,54.44,44.44,10.0,4.44,36.67,46.48,61.34,27.37
7,,North  & Middle Andaman,105597,2741,102856,83.91,82.74,83.94,88.37,87.87,88.38,79.06,77.28,79.11,61.62,35.86,14.14,62.63,65.15,5.05,8.59,48.99,36.53,55.8,15.7
8,,South Andaman,238142,140747,97395,89.13,90.25,87.49,92.19,93.21,90.71,85.57,86.82,83.73,65.74,43.52,29.63,86.11,85.19,16.67,6.48,84.26,40.66,60.94,17.38
9,,,,,,,,,,,,,,,,,,,,,,,,,
10,,Adilabad,2741239,760259,1980980,61.01,75.63,55.29,70.81,83.3,65.83,51.31,67.83,44.95,98.3,57.36,29.87,87.11,49.62,5.28,3.9,72.26,48.29,54.68,41.9
11,,Nizamabad,2551335,588372,1962963,61.25,77.22,56.5,71.47,84.31,67.57,51.54,70.29,46.06,98.58,72.61,48.52,100.0,92.68,14.88,16.29,90.91,49.43,54.72,44.34
12,,Karimnagar,3776269,951225,2825044,64.15,77.77,59.61,73.65,85.24,69.72,54.79,70.25,49.72,99.52,94.41,68.08,100.0,89.59,12.83,11.76,93.83,49.7,55.8,43.65
13,,Medak,3033288,727871,2305417,61.42,78.57,56.0,71.43,85.8,66.8,51.37,71.09,45.27,99.08,58.2,50.54,97.42,78.43,10.91,23.65,93.17,47.55,55.01,40.01
14,,Hyderabad,3943323,3943323,0,83.25,83.25,0.0,86.99,86.99,0.0,79.35,79.35,0.0,,,,,,,,,35.84,51.8,19.1
15,,Rangareddy,5296741,3719172,1577569,75.87,82.31,60.6,82.11,87.04,70.35,69.4,77.39,50.6,97.67,62.42,41.74,97.55,82.25,9.3,5.26,87.39,41.46,55.12,27.24
16,,Mahbubnagar,4053028,607692,3445336,55.04,77.96,50.92,65.21,85.52,61.54,44.72,70.24,40.15,99.59,69.9,54.06,99.25,86.08,9.22,4.57,93.38,51.38,55.6,47.06
17,,Nalgonda,3488809,662507,2826302,64.2,81.69,60.07,74.1,88.82,70.65,54.19,74.56,49.36,98.19,85.91,62.42,98.19,83.74,10.21,13.64,93.5,49.92,55.49,44.26
18,,Warangal,3512576,992333,2520243,65.11,81.03,58.83,74.58,88.52,69.04,55.69,73.5,48.7,99.27,99.9,75.65,92.82,80.85,13.32,23.0,88.87,48.56,54.62,42.48
19,,Khammam,2797370,655911,2141459,64.81,81.26,59.75,72.3,87.28,67.74,57.44,75.42,51.86,96.37,63.83,36.63,89.21,58.57,16.23,18.5,69.72,50.41,57.72,43.17
20,,Srikakulam,2703114,436703,2266411,61.74,78.36,58.51,71.61,85.97,68.86,52.08,71.06,48.35,96.0,78.01,31.69,100.0,56.91,5.35,4.41,71.02,47.73,57.13,38.48
21,,Vizianagaram,2344474,490911,1853563,58.89,78.03,53.77,68.15,84.85,63.73,49.87,71.51,44.0,97.45,61.5,22.87,85.95,51.1,5.72,5.1,66.6,49.39,58.48,40.46
22,,Visakhapatnam,4290589,2035922,2254667,66.91,81.22,53.71,74.56,86.88,62.96,59.34,75.51,44.74,81.32,99.97,15.69,35.48,24.22,4.49,4.13,30.08,44.05,57.93,30.25
23,,East Godavari,5154296,1313972,3840324,70.99,80.78,67.62,74.51,84.62,71.08,67.52,77.07,64.17,94.28,66.31,56.17,100.0,66.62,16.01,27.67,65.4,40.62,60.16,21.2
24,,West Godavari,3936966,808777,3128189,74.63,83.85,72.22,77.92,87.52,75.47,71.36,80.32,68.98,97.39,90.38,57.72,96.79,82.42,23.28,29.1,89.19,45.04,61.04,29.1
25,,Krishna,4517398,1843660,2673738,73.74,81.13,68.64,78.3,84.96,73.71,69.18,77.3,63.56,98.29,91.33,67.45,99.36,82.76,20.99,44.33,91.22,45.36,58.54,32.07
26,,Guntur,4887813,1652738,3235075,67.4,78.03,61.95,74.79,83.97,70.14,60.09,72.25,53.77,99.42,93.49,88.71,98.26,83.79,21.56,22.29,97.25,48.73,59.1,38.38
27,,Prakasam,3397448,664582,2732866,63.08,78.43,59.29,72.92,85.73,69.8,53.11,71.18,48.6,96.24,76.55,68.02,98.78,80.1,14.11,16.45,88.22,50.05,57.84,42.12
28,,Sri Potti Sriramulu Nellore,2963557,857630,2105927,68.9,81.63,63.64,75.74,86.74,71.19,61.99,76.46,56.02,96.43,92.22,55.9,99.36,83.44,9.97,9.06,78.96,44.36,57.6,30.92
29,,Y.S.R,2882469,979132,1903337,67.3,75.33,63.15,77.78,83.72,74.72,56.77,66.94,51.49,97.35,59.4,64.7,95.42,93.37,10.48,15.54,82.89,45.81,56.75,34.7
30,,Kurnool,4053463,1149286,2904177,59.97,72.49,54.94,70.1,80.04,66.15,49.78,65.01,43.61,99.2,78.85,72.07,99.77,81.15,11.61,13.45,94.94,50.07,57.09,42.96
31,,Anantapur,4081148,1145711,2935437,63.57,74.69,59.21,73.02,82.32,69.41,53.97,67.06,48.77,98.05,73.94,61.13,100.0,85.99,14.66,25.52,91.31,49.89,58.54,41.04
32,,Chittoor,4174064,1231386,2942678,71.53,82.26,67.01,79.83,88.12,76.34,63.28,76.45,57.72,95.12,59.45,45.02,98.56,80.76,7.42,5.22,83.23,46.32,57.52,35.09
33,,,,,,,,,,,,,,,,,,,,,,,,,
34,,Tawang,49977,11202,38775,59.0,90.88,49.05,67.54,95.91,55.06,46.53,74.76,41.96,53.21,10.55,2.29,57.8,11.93,1.83,0.0,33.03,57.15,67.08,43.25
35,,West Kameng,83947,15932,68015,67.07,78.21,64.37,73.45,83.58,71.15,59.05,72.24,55.59,59.62,14.23,6.15,43.08,28.08,2.31,1.15,23.85,50.62,61.34,37.52
36,,East Kameng,78690,18350,60340,60.02,77.1,54.81,68.65,85.9,63.19,51.69,68.09,46.87,58.43,14.04,1.4,4.21,2.25,0.28,0.0,5.9,40.3,42.36,38.3
37,,Papum Pare,176573,96963,79610,79.95,84.74,73.94,86.06,90.1,80.93,73.72,79.22,66.88,67.25,11.21,2.64,42.86,18.46,1.1,0.44,18.9,37.25,46.27,28.05
38,,Upper Subansiri,83448,13405,70043,63.8,79.47,60.73,70.02,86.03,66.74,57.59,72.36,54.85,58.01,11.05,1.29,1.29,3.5,0.37,0.0,8.47,39.99,42.86,37.11
39,,West Siang,112274,24968,87306,66.46,85.37,60.91,72.81,90.33,67.34,59.63,79.49,54.18,67.34,11.49,5.18,43.47,21.62,1.13,0.0,17.57,43.8,50.12,37.0
40,,East Siang,99214,27635,71579,72.54,80.05,69.59,78.47,85.58,75.67,66.49,74.43,63.35,89.33,36.0,18.0,65.33,34.0,8.67,2.0,31.33,40.54,47.07,33.87
41,,Upper Siang,35320,6540,28780,59.99,79.17,55.59,66.45,84.1,62.58,52.63,73.96,47.51,82.65,21.43,3.06,34.69,16.33,1.02,0.0,12.24,49.95,53.31,46.18
42,,Changlang,148226,19228,128998,59.8,84.93,55.75,68.93,90.29,65.18,49.84,78.08,45.71,75.22,9.22,8.93,72.91,21.9,0.58,0.0,34.87,42.48,51.11,33.16
43,,Tirap,111975,20810,91165,52.19,80.8,45.14,61.87,86.5,55.24,41.89,73.75,34.78,89.42,22.22,3.17,62.96,20.11,0.0,0.53,33.33,44.8,47.82,41.61
44,,Lower Subansiri,83030,12806,70224,74.35,85.52,72.27,80.53,89.81,78.83,68.08,81.26,65.61,43.66,7.09,2.8,65.49,11.75,0.75,0.37,24.44,36.37,41.44,31.23
45,,Kurung Kumey,92076,2345,89731,48.75,69.45,48.22,55.12,77.05,54.51,42.64,60.8,42.22,36.0,6.14,1.71,4.43,1.57,0.14,0.0,1.14,41.32,40.67,41.95
46,,Dibang Valley,8004,2384,5620,64.1,84.05,55.56,68.07,89.23,59.02,59.16,77.6,51.25,32.09,2.99,0.0,7.46,0.0,0.0,0.0,83.58,44.42,50.48,36.96
47,,Lower Dibang Valley,54080,11389,42691,69.13,88.39,63.63,75.55,91.94,70.72,62.19,84.35,56.07,39.77,10.98,1.52,75.38,17.42,0.38,0.0,43.18,41.28,50.27,31.6
48,,Lohit,145726,32430,113296,68.18,80.81,64.37,75.52,85.66,72.4,60.04,75.23,55.57,67.83,15.03,10.84,73.78,22.73,2.1,0.7,44.06,41.82,51.05,31.7
49,,Anjaw,21167,982,20185,56.46,80.31,55.18,66.81,76.79,66.18,43.71,86.9,41.93,25.9,8.99,0.36,2.88,0.72,0.36,0.0,15.83,49.61,54.09,44.28
50,,,,,,,,,,,,,,,,,,,,,,,,,
51,,Kokrajhar,"20,425",0,"20,425",65.22,87.86,63.63,71.89,91.97,70.45,58.27,83.44,56.53,96.2,46.25,5.89,74.07,45.49,0.95,0.95,10.83,38.45,52.18,24.14
52,,Dhubri,"305,606","26,162","279,444",58.34,82.28,55.25,63.1,87.07,60.02,53.33,77.3,50.21,96.39,71.96,13.4,71.96,72.24,4.09,1.52,29.56,34.36,52.6,15.23
53,,Goalpara,"1,008,183","138,062","870,121",67.37,76.08,65.93,71.46,80.24,70.02,63.13,71.8,61.69,92.94,56.74,6.8,79.97,67.39,2.57,1.16,19.26,35.96,52.04,19.29
54,,Barpeta,"21,538",0,"21,538",63.81,86.28,61.47,69.29,90.44,67.09,58.06,81.94,55.56,95.15,83.64,17.82,75.03,67.15,6.67,1.33,37.94,33.17,51.36,14.1
55,,Morigaon,"137,213",0,"137,213",68.03,84.17,66.6,71.9,88.07,70.46,64.04,80.09,62.63,92.81,66.05,16.39,62.71,64.21,6.86,1.67,32.11,36.68,53.01,19.79
56,,Nagaon,"398,921","90,810","308,111",72.37,87.23,69.96,76.51,90.58,74.22,68.07,83.76,65.52,94.34,73.84,19.25,83.17,66.27,6.1,0.81,39.16,34.71,53.28,15.4
57,,Sonitpur,"121,830","8,038","113,792",67.34,89.73,64.98,73.65,92.63,71.65,60.73,86.7,57.99,93.21,58.95,7.73,74.69,57.01,2.61,0.89,14.02,40.05,54.6,24.83
58,,Lakhimpur,"75,090",0,"75,090",77.2,86.93,76.22,83.52,90.55,82.8,70.67,83.08,69.44,92.93,41.97,8.12,66.84,50.44,1.66,0.17,8.73,41.26,53.29,28.83
59,,Dhemaji,"98,760",0,"98,760",72.7,84.02,71.81,79.84,88.42,79.16,65.21,79.31,64.12,91.85,35.52,1.9,48.58,53.8,0.55,0.16,3.01,46.17,53.12,38.89
60,,Tinsukia,"370,675","83,425","287,250",69.66,87.22,65.05,77.19,90.89,73.49,61.73,83.17,56.29,94.45,48.42,5.99,75.53,48.15,2.29,0.53,13.12,41.96,53.9,29.42
61,,Dibrugarh,"187,408","34,656","152,752",76.05,90.11,72.75,82.82,92.98,80.4,68.99,87.03,64.85,94.92,54.02,8.57,79.21,46.36,2.66,0.83,10.85,42.26,54.4,29.63
62,,Sivasagar,"133,559","9,913","123,646",80.41,90.92,79.27,85.84,92.86,85.06,74.71,88.76,73.24,96.75,65.89,17.75,87.82,72.39,4.64,2.44,23.43,42.2,55.17,28.59
63,,Jorhat,"131,613","20,801","110,812",82.15,90.39,80.01,87.63,92.89,86.24,76.45,87.72,73.58,98.03,63.96,20.45,79.55,74.71,13.5,3.93,22.8,45.65,57.6,33.22
64,,Golaghat,"228,925","17,588","211,337",77.43,91.74,75.94,83.56,94.25,82.44,71.09,89.11,69.22,91.57,48.45,12.89,71.32,56.78,3.29,1.26,18.8,44.98,56.91,32.62
65,,Karbi Anglong,"91,257",0,"91,257",69.25,87.37,66.69,76.14,91.56,73.95,62.0,82.92,59.05,60.91,15.27,1.14,34.44,36.91,0.63,0.07,1.4,40.1,50.23,29.44
66,,Dima Hasao,"53,570","6,236","47,334",77.54,92.24,71.13,83.29,95.37,77.85,71.33,88.7,64.01,93.34,32.69,0.3,35.06,42.16,0.3,0.15,0.44,39.71,50.83,27.79
67,,Cachar,"291,872","10,277","281,595",79.34,88.99,77.08,84.78,91.95,83.12,73.68,85.99,70.75,95.19,67.13,23.15,77.66,59.72,5.11,1.5,29.06,35.01,53.0,16.27
68,,Karimganj,"281,864",0,"281,864",78.22,92.82,76.66,84.12,95.28,82.95,72.09,90.33,70.11,95.3,71.15,8.85,79.89,58.03,5.14,0.87,21.42,32.49,51.1,13.17
69,,Hailakandi,"168,077",0,"168,077",74.33,92.93,72.73,80.74,95.31,79.51,67.6,90.54,65.57,98.18,90.0,30.91,80.0,74.24,7.58,5.15,37.27,32.5,50.55,13.52
70,,Bongaigaon,"58,371","6,001","52,370",69.74,87.37,66.42,74.87,91.42,71.74,64.43,83.17,60.91,94.39,63.93,11.96,84.3,49.72,3.55,0.19,20.56,34.62,52.56,16.05
71,,Chirang,"9,500",0,"9,500",63.55,81.28,62.08,70.24,86.56,68.89,56.65,75.83,55.06,97.6,49.3,7.78,53.49,46.31,0.8,0.2,11.18,40.21,52.59,27.45
72,,Kamrup,"1,517,542","142,394","1,375,148",75.55,87.89,74.21,81.3,92.5,80.1,69.47,83.14,67.96,93.92,59.88,14.66,75.8,70.78,3.95,8.68,29.89,41.45,55.04,27.12
73,,Kamrup Metropolitan,"1,253,938","1,037,011","216,927",88.71,91.19,76.45,92.13,94.08,82.36,85.07,88.09,70.22,90.2,50.98,13.73,84.31,50.0,4.9,1.47,18.14,39.15,58.0,19.02
74,,Nalbari,"7,588",0,"7,588",78.63,89.89,77.22,84.36,93.72,83.19,72.57,85.88,70.9,96.7,81.1,23.08,86.81,80.44,4.84,2.86,32.53,34.68,53.08,15.29
75,,Baksa,"2,234",0,"2,234",69.25,74.54,69.18,77.03,80.43,76.98,61.27,68.28,61.18,99.12,73.2,18.7,70.54,62.0,4.71,1.18,23.56,42.81,55.39,29.9
76,,Darrang,"473,585","18,501","455,084",63.08,85.92,61.5,67.87,89.93,66.32,58.04,81.6,56.43,97.1,80.43,13.77,86.23,84.6,4.89,0.54,35.87,34.99,51.94,17.21
77,,Udalguri,"18,600",0,"18,600",65.41,85.14,64.43,72.58,89.08,71.75,58.05,81.03,56.92,96.97,62.2,9.36,82.05,48.17,2.15,0.51,12.64,41.49,54.72,27.88
78,,,,,,,,,,,,,,,,,,,,,,,,,
79,,Pashchim Champaran,"3,935,042","393,165","3,541,877",55.7,71.12,53.9,65.59,77.47,64.2,44.69,63.98,42.46,93.11,44.18,21.83,62.2,30.11,8.79,30.04,73.41,37.58,48.48,25.6
80,,Purba Champaran,"5,099,371","401,343","4,698,028",55.79,71.59,54.39,65.34,77.7,64.23,45.12,64.63,43.41,96.41,56.15,26.04,63.34,37.62,16.21,50.24,83.71,34.07,47.02,19.72
81,,Sheohar,"656,246","28,116","628,130",53.78,61.96,53.41,61.31,70.1,60.92,45.26,52.68,44.92,93.19,78.53,34.03,91.1,65.97,11.52,47.12,97.38,32.97,48.08,16.05
82,,Sitamarhi,"3,423,574","190,498","3,233,076",52.05,72.38,50.8,60.64,78.51,59.53,42.41,65.39,41.01,96.66,50.25,37.38,61.76,46.66,16.21,33.42,57.67,32.56,48.02,15.35
83,,Madhubani,"4,487,379","161,495","4,325,884",58.62,71.06,58.14,70.14,78.81,69.8,46.16,62.39,45.55,96.35,56.15,42.6,68.37,39.52,7.6,27.98,56.63,36.48,47.48,24.6
84,,Supaul,"2,229,076","105,558","2,123,518",57.67,72.74,56.89,69.62,80.78,69.03,44.77,63.64,43.82,95.06,41.83,48.29,60.08,39.16,13.12,19.01,60.84,39.37,47.76,30.36
85,,Araria,"2,811,569","168,777","2,642,792",53.53,72.1,52.29,62.3,77.8,61.24,43.93,65.65,42.5,89.66,40.08,36.87,59.5,47.35,12.85,31.98,57.96,38.05,48.41,26.81
86,,Kishanganj,"1,690,400","161,123","1,529,277",55.46,71.18,53.71,63.66,76.58,62.21,46.76,65.31,44.74,87.84,40.3,15.98,55.6,19.67,10.52,21.04,80.87,31.3,48.58,13.1
87,,Purnia,"3,264,619","343,005","2,921,614",51.08,72.74,48.38,59.06,77.84,56.7,42.34,67.07,39.28,83.38,22.37,15.36,50.85,38.36,9.07,24.89,58.85,35.02,47.27,21.72
88,,Katihar,"3,071,029","273,822","2,797,207",52.24,77.27,49.6,59.36,82.46,56.9,44.39,71.4,41.59,78.18,34.92,16.0,48.62,17.15,9.95,18.84,47.93,33.0,47.52,17.21
89,,Madhepura,"2,001,762","88,461","1,913,301",52.25,73.5,51.22,61.77,79.79,60.89,41.74,66.35,40.56,89.47,50.0,59.47,63.95,60.79,14.47,32.89,77.11,38.84,47.35,29.5
90,,Saharsa,"1,900,661","156,540","1,744,121",53.2,75.63,51.08,63.56,82.0,61.79,41.68,68.33,39.2,95.51,55.06,40.45,81.12,54.38,11.46,27.64,66.52,34.19,45.8,21.38
91,,Darbhanga,"3,937,385","383,328","3,554,057",56.56,75.65,54.4,66.83,82.3,65.07,45.24,68.27,42.64,94.11,47.71,30.22,73.53,58.84,14.41,39.48,73.71,31.08,46.02,14.69
92,,Muzaffarpur,"2,562,012","162,805","2,399,207",63.43,80.19,61.5,71.28,84.27,69.77,54.67,75.59,52.27,91.39,50.38,25.71,63.41,50.2,10.41,16.93,80.34,32.23,47.29,15.49
93,,Gopalganj,"4,801,062","473,437","4,327,625",65.47,75.1,64.8,76.51,82.97,76.05,54.81,67.01,53.99,82.8,30.68,17.28,49.75,31.97,10.61,12.76,55.99,28.42,42.57,14.57
94,,Siwan,"3,330,464","182,913","3,147,551",69.45,77.93,68.95,80.23,84.1,79.99,58.66,71.22,57.94,93.03,89.76,24.95,64.74,33.59,11.78,21.67,71.85,28.0,43.6,12.2
95,,Saran,"3,951,862","353,202","3,598,660",65.96,75.13,65.04,77.03,82.32,76.49,54.42,67.24,53.17,90.89,46.56,28.28,47.26,43.82,9.62,17.39,82.48,26.32,42.4,9.46
96,,Vaishali,"3,495,021","233,079","3,261,942",66.6,74.23,66.04,75.41,80.31,75.05,56.73,67.38,55.95,85.23,51.2,17.65,67.3,35.51,9.42,28.27,67.09,30.34,46.55,12.22
97,,Samastipur,"4,261,566","147,797","4,113,769",61.86,80.7,61.14,71.25,85.93,70.7,51.51,74.89,50.63,92.12,50.4,41.01,74.22,54.65,20.46,33.48,85.47,31.52,46.53,15.05
98,,Begusarai,"2,970,541","569,823","2,400,718",63.87,72.37,61.81,71.58,78.33,69.94,55.21,65.65,52.68,75.65,40.35,37.46,63.4,39.19,13.98,28.39,57.49,31.58,45.63,15.88
99,,Khagaria,"1,666,886","87,159","1,579,727",57.92,76.74,56.82,65.25,81.45,64.3,49.56,71.3,48.3,97.96,68.57,76.73,87.35,72.65,21.63,55.92,76.73,33.64,45.06,20.76
100,,Bhagalpur,"3,037,766","602,532","2,435,234",63.14,75.87,59.84,70.3,80.73,67.61,54.89,70.33,50.86,82.82,31.88,31.16,57.14,28.78,11.18,12.94,66.05,32.38,45.81,17.12
101,,Banka,"2,034,763","71,313","1,963,450",58.17,72.61,57.63,67.62,78.3,67.21,47.66,66.06,46.98,65.51,26.5,14.1,47.71,28.2,4.58,9.05,22.15,37.9,48.52,26.17
102,,Munger,"1,367,765","380,120","987,645",70.46,81.01,66.22,77.74,86.01,74.43,62.08,75.32,56.68,78.46,36.52,33.33,68.16,43.07,10.86,12.92,80.34,31.19,44.92,15.53
103,,Lakhisarai,"1,000,912","143,011","857,901",62.42,71.33,60.89,71.26,78.39,70.03,52.57,63.47,50.71,93.92,46.69,33.7,65.47,37.57,12.15,16.3,63.81,32.63,45.69,18.14
104,,Sheikhpura,"636,342","109,002","527,340",63.86,70.99,62.34,73.56,78.3,72.53,53.4,62.85,51.42,96.55,49.43,33.72,57.85,34.87,8.43,25.67,78.93,35.3,45.97,23.84
105,,Nalanda,"2,877,653","457,894","2,419,759",64.43,74.66,62.44,74.86,80.84,73.68,53.1,67.87,50.24,96.61,53.24,40.28,64.61,37.49,12.36,33.5,80.46,36.33,46.99,24.77
106,,Patna,"5,838,465","2,514,590","3,323,875",70.68,80.98,62.38,78.48,85.75,72.57,61.96,75.59,51.04,94.54,45.81,32.59,67.01,39.16,9.41,3.96,66.06,32.23,46.66,16.14
107,,Bhojpur,"2,728,407","389,861","2,338,546",70.47,78.12,69.16,81.74,84.43,81.27,58.03,71.02,55.82,85.56,42.03,32.9,54.76,51.55,8.53,17.15,70.61,30.15,44.76,14.04
108,,Buxar,"1,706,352","164,499","1,541,853",70.14,79.38,69.11,80.72,85.34,80.2,58.63,72.7,57.1,87.19,32.1,13.29,100.0,37.49,9.1,21.08,59.88,31.55,45.29,16.64
109,,Kaimur (Bhabua),"1,626,384","65,571","1,560,813",69.34,82.64,68.76,79.37,88.29,78.97,58.4,76.26,57.62,76.14,23.86,14.29,41.14,37.47,5.53,6.51,53.18,31.43,44.39,17.35
110,,Rohtas,"2,959,918","427,765","2,532,153",73.37,78.35,72.5,82.88,84.65,82.57,62.97,71.32,61.53,70.24,22.25,19.04,47.7,43.56,11.42,11.01,57.78,31.25,45.86,15.32
111,,Aurangabad,"2,540,073","236,854","2,303,219",70.32,79.07,69.4,80.11,85.01,79.59,59.71,72.51,58.37,81.29,30.14,23.31,44.66,41.5,7.0,8.78,49.83,32.98,45.44,19.54
112,,Gaya,"4,391,418","581,601","3,809,817",63.67,80.22,61.01,73.31,85.41,71.32,53.34,74.45,50.02,79.34,30.46,15.14,45.15,30.5,6.19,9.81,53.17,37.89,47.48,27.67
113,,Nawada,"2,219,146","215,579","2,003,567",59.76,75.05,58.06,69.98,80.79,68.76,48.86,68.71,46.7,89.63,41.57,16.02,51.62,33.19,5.76,20.73,69.21,36.82,47.13,25.84
114,,Jamui,"1,760,405","145,333","1,615,072",59.79,74.85,58.4,71.24,82.86,70.15,47.28,65.95,45.56,65.03,79.23,16.09,46.45,17.9,6.5,3.47,49.92,41.33,49.37,32.6
115,,Jehanabad,"1,125,313","135,196","990,117",66.8,76.33,65.45,77.66,83.0,76.89,55.01,68.84,53.1,92.05,31.05,26.62,44.36,40.11,6.47,10.54,87.8,32.47,45.5,18.33
116,,Arwal,"700,843","51,849","648,994",67.43,75.29,66.79,79.06,85.17,78.57,54.85,64.45,54.09,95.99,39.13,30.1,56.19,41.47,9.36,8.36,56.19,33.72,46.22,20.26
117,,,,,,,,,,,,,,,,,,,,,,,,,
118,,Rajnandgaon,1537133,272512,1264621,75.96,85.43,73.86,85.4,91.59,84.01,66.7,79.26,63.95,96.12,52.81,8.94,72.31,44.5,3.69,5.88,69.38,52.05,57.23,46.94
119,,Koriya,658917,205299,453618,70.64,81.49,65.45,80.37,89.03,76.11,60.6,73.41,54.64,95.02,26.16,7.54,69.66,50.72,3.21,2.73,62.92,46.6,55.41,37.51
120,,Surguja,2359886,242921,2116965,60.01,84.49,57.07,69.53,90.08,67.0,50.32,78.58,46.99,99.03,50.52,13.69,74.8,59.05,5.56,5.78,63.23,48.98,54.47,43.36
121,,Jashpur,851669,75992,775677,67.92,83.83,66.33,77.32,89.66,76.06,58.61,77.87,56.72,98.81,43.24,15.25,69.63,50.0,1.72,1.59,54.51,57.22,62.07,52.4
122,,Raigarh,1493984,246302,1247682,73.26,85.22,70.89,83.49,92.01,81.75,63.02,78.09,60.1,98.18,39.62,19.07,70.2,50.14,2.38,6.73,67.6,46.2,57.21,35.09
123,,Korba,1206640,446290,760350,72.37,83.65,65.55,82.48,90.73,77.32,61.93,76.02,53.73,98.16,53.89,16.41,43.28,45.54,2.69,4.24,63.08,43.19,54.38,31.64
124,,Janjgir - Champa,1619707,225061,1394646,73.07,81.8,71.64,84.72,90.71,83.73,61.31,72.66,59.48,99.66,64.7,25.43,72.53,55.28,4.65,16.23,70.72,52.26,58.63,45.8
125,,Bilaspur,2663629,679870,1983759,70.78,84.29,65.94,81.54,90.69,78.22,59.71,77.56,53.41,95.79,47.64,16.79,77.14,53.07,4.73,8.49,63.92,45.17,52.94,37.17
126,,Kabeerdham,822526,87395,735131,60.85,76.38,58.94,72.98,84.14,71.61,48.71,68.53,46.29,95.72,33.86,6.27,74.19,39.81,1.88,7.94,54.96,49.14,52.68,45.58
127,,Durg,3343872,1284765,2059107,79.06,85.59,74.88,87.82,91.79,85.21,70.23,79.13,64.68,98.07,57.92,17.66,81.71,54.34,7.1,12.44,78.65,44.76,54.8,34.61
128,,Raipur,4063872,1483289,2580583,75.56,84.24,70.47,85.24,90.32,82.18,65.75,77.85,58.83,98.47,50.53,16.43,61.51,41.5,7.4,10.74,63.75,43.25,53.7,32.63
129,,Mahasamund,1032754,120152,912602,71.02,81.83,69.59,82.05,89.37,81.06,60.25,74.28,58.42,96.04,46.85,12.41,71.31,45.32,5.31,10.34,66.55,48.34,57.01,39.82
130,,Dhamtari,799781,149195,650586,78.36,84.26,76.98,87.78,91.26,86.96,69.08,77.32,67.17,96.77,56.7,17.12,71.89,45.23,5.01,11.15,77.22,50.38,56.89,43.92
131,,Uttar Bastar Kanker,748941,76761,672180,70.29,86.9,68.34,80.03,92.46,78.58,60.64,81.43,58.19,95.95,34.71,15.52,45.06,36.03,2.82,3.01,54.47,51.99,58.26,45.75
132,,Bastar,1413199,193494,1219705,54.4,81.71,49.84,64.82,88.62,60.75,44.26,74.68,39.32,98.32,54.88,21.9,64.36,48.67,5.76,5.67,66.22,51.41,57.89,45.08
133,,Narayanpur,139820,22106,117714,48.62,82.54,41.77,57.31,90.77,50.28,39.88,73.7,33.33,79.2,22.4,4.8,11.2,9.33,0.53,0.53,15.2,50.84,54.47,47.2
134,,Dakshin Bastar Dantewada,533638,96233,437405,42.12,78.43,33.88,51.92,85.79,43.66,32.54,70.32,24.58,91.53,36.1,15.25,28.98,12.54,2.88,4.41,34.41,53.71,58.03,49.46
135,,Bijapur,255230,29600,225630,40.86,74.2,36.33,50.46,83.24,45.87,31.11,64.54,26.71,68.67,29.38,7.43,6.9,18.76,1.77,2.3,7.79,52.71,55.64,49.72
136,,,,,,,,,,,,,,,,,,,,,,,,,
137,,Diu,52074,23991,28083,83.46,92.24,75.62,91.21,97.52,85.78,76.06,87.37,65.57,100.0,100.0,50.0,100.0,100.0,50.0,0.0,100.0,30.25,50.43,10.66
138,,Daman,191173,158860,32313,88.07,88.46,86.15,91.61,91.53,92.07,80.98,81.75,78.19,93.33,73.33,20.0,100.0,40.0,0.0,0.0,100.0,55.2,75.81,16.57
139,,,,,,,,,,,,,,,,,,,,,,,,,
140,,Senapati,479148,7476,471672,63.6,85.12,63.27,69.21,89.98,68.89,57.67,80.34,57.3,67.86,50.97,15.99,89.99,25.86,1.2,5.53,18.83,48.76,50.19,47.22
141,,Tamenglong,140651,19363,121288,70.05,86.95,67.36,76.09,90.64,73.8,63.69,83.15,60.54,93.68,37.36,24.71,50.0,9.2,1.72,1.15,15.52,50.25,51.45,48.97
142,,Churachandpur,274143,18357,255786,82.78,88.65,82.34,86.97,92.89,86.54,78.5,84.47,78.05,62.75,22.32,9.23,43.12,14.26,0.17,1.17,20.64,44.74,50.85,38.47
143,,Bishnupur,237399,87505,149894,75.85,79.64,73.63,85.11,88.03,83.4,66.68,71.4,63.89,95.83,93.75,47.92,100.0,85.42,0.0,0.0,81.25,46.31,52.88,39.73
144,,Thoubal,422168,151333,270835,74.47,80.25,71.2,85.0,89.43,82.5,64.09,71.25,60.02,95.4,78.16,35.63,97.7,49.43,2.3,11.49,100.0,46.27,51.88,40.67
145,,Imphal West,517992,322879,195113,86.08,88.4,82.16,92.24,93.92,89.45,80.17,83.16,75.04,93.46,78.5,30.84,100.0,77.57,0.0,0.0,97.2,41.2,50.4,32.27
146,,Imphal East,456113,183207,272906,81.95,87.12,78.39,88.77,92.51,86.27,75.32,82.06,70.54,90.05,76.44,20.42,100.0,23.56,1.05,1.57,71.2,42.72,52.0,33.6
147,,Ukhrul,183998,27187,156811,81.35,88.92,80.03,85.52,91.68,84.45,76.95,86.04,75.34,81.22,55.87,16.43,96.71,45.54,0.0,0.94,36.15,47.79,49.13,46.37
148,,Chandel,144182,16847,127335,71.11,71.47,71.06,77.78,79.52,77.56,63.96,62.88,64.1,41.16,19.53,9.07,61.63,16.05,0.0,0.0,15.12,52.88,57.14,48.31
149,,,,,,,,,,,,,,,,,,,,,,,,,
150,,,,,,,,,,,,,,,,,,,,,,,,,
151,,North West,3656539,3442589,213950,84.45,84.74,79.63,89.66,89.81,87.23,78.41,78.88,70.73,91.67,77.08,56.25,100.0,100.0,22.92,0.0,100.0,32.5,52.14,9.8
152,,North,887978,870232,17746,86.85,86.87,86.23,90.89,90.85,93.02,82.2,82.28,78.28,100.0,0.0,50.0,100.0,100.0,0.0,0.0,100.0,33.38,54.23,9.41
153,,North East,2241624,2220097,21527,83.09,83.12,79.74,88.78,88.8,86.19,76.67,76.71,72.02,50.0,50.0,50.0,100.0,100.0,25.0,12.5,100.0,29.5,50.01,6.36
154,,East,1709346,1705816,3530,89.31,89.3,94.61,93.13,93.12,96.35,84.99,84.97,92.73,100.0,100.0,100.0,100.0,100.0,100.0,0.0,100.0,33.91,53.66,11.57
155,,New Delhi,142004,142004,0,88.34,88.34,0.0,92.24,92.24,0.0,83.56,83.56,0.0,,,,,,,,,41.93,60.22,19.67
156,,Central,582320,582320,0,85.14,85.14,0.0,87.5,87.5,0.0,82.49,82.49,0.0,,,,,,,,,35.61,57.7,10.84
157,,West,2543243,2536823,6420,86.98,86.99,81.03,91.0,91.0,90.44,82.39,82.41,71.0,100.0,100.0,50.0,100.0,50.0,0.0,100.0,100.0,34.38,54.02,11.94
158,,South West,2292958,2149282,143676,88.28,88.5,84.95,93.14,93.17,92.71,82.5,82.93,76.03,97.44,48.72,51.28,100.0,100.0,15.38,0.0,100.0,34.69,53.61,12.17
159,,South,2731929,2719736,12193,86.57,86.6,78.26,91.73,91.76,85.54,80.55,80.6,68.75,100.0,66.67,0.0,100.0,100.0,0.0,0.0,100.0,33.84,52.85,11.77
160,,,,,,,,,,,,,,,,,,,,,,,,,
161,,North Goa,"818,008","493,081","324,927",89.57,90.66,87.91,93.4,93.69,92.95,85.6,87.47,82.81,91.49,59.57,46.28,96.81,94.68,26.6,4.79,97.87,40.06,57.39,22.06
162,,South Goa,"640,537","413,733","226,804",87.59,89.11,84.83,91.67,92.61,89.89,83.47,85.47,79.98,81.82,62.12,46.97,92.42,88.64,28.79,6.82,94.7,38.97,55.95,21.75
163,,,,,,,,,,,,,,,,,,,,,,,,,
164,,Kachchh,2092371,728535,1363836,70.59,80.83,64.92,79.4,87.1,75.12,60.87,73.86,53.7,94.87,34.66,48.57,97.72,99.32,6.73,29.87,94.64,37.1,56.96,15.22
165,,Banas Kantha,3120506,414915,2705591,65.32,80.38,62.91,78.15,89.15,76.37,51.75,70.89,48.73,99.11,40.55,32.36,99.27,98.62,11.76,73.15,97.08,40.01,51.93,27.3
166,,Patan,1343734,281081,1062653,72.3,83.15,69.33,82.9,89.96,80.96,61.05,75.84,57.02,100.0,46.62,47.78,100.0,99.81,5.61,59.38,100.0,41.29,55.17,26.45
167,,Mahesana,2035064,514330,1520734,83.61,88.37,81.97,91.39,93.52,90.65,75.32,82.81,72.77,99.5,52.09,48.74,100.0,100.0,17.09,56.78,98.99,39.9,55.72,22.83
168,,Sabar Kantha,2428589,363720,2064869,75.79,84.58,74.19,86.44,91.18,85.57,64.69,77.59,62.37,97.21,35.26,40.18,99.63,99.49,9.6,35.85,96.99,44.67,54.77,34.06
169,,Gandhinagar,1391753,600627,791126,84.16,87.53,81.57,92.01,93.13,91.13,75.76,81.39,71.5,99.6,64.29,55.95,99.21,100.0,18.25,42.06,100.0,38.44,56.37,19.0
170,,Ahmadabad,7214225,6063047,1151178,85.31,87.93,71.05,90.74,92.16,82.89,79.35,83.27,58.44,98.81,45.26,65.61,100.0,100.0,12.25,70.16,98.42,35.97,56.16,13.64
171,,Surendranagar,1756268,496916,1259352,72.13,82.3,67.95,82.11,89.21,79.15,61.45,74.74,56.1,99.85,37.25,49.77,100.0,99.54,8.19,43.43,95.21,41.2,55.39,25.93
172,,Rajkot,3804558,2214050,1590508,80.96,85.44,74.65,87.07,89.9,83.01,74.43,80.6,65.93,99.76,43.94,48.26,99.76,99.76,13.45,48.14,96.52,38.88,58.72,17.46
173,,Jamnagar,2160119,971065,1189054,73.65,79.23,69.03,81.5,85.45,78.19,65.33,72.55,59.42,95.12,37.3,47.78,94.4,94.4,7.75,53.23,91.82,39.23,58.05,19.18
174,,Porbandar,585449,285674,299775,75.78,82.37,69.39,83.45,88.43,78.61,67.75,76.0,59.82,87.71,48.6,44.13,100.0,84.36,13.41,41.34,88.27,39.49,58.0,20.0
175,,Junagadh,2743082,906412,1836670,75.8,82.21,72.61,84.38,88.7,82.23,66.86,75.46,62.57,95.34,48.28,44.17,99.33,95.12,11.54,54.05,94.01,40.97,57.1,24.04
176,,Amreli,1514190,386635,1127555,74.25,81.42,71.77,82.21,87.11,80.49,66.09,75.48,62.88,99.67,40.07,52.44,99.02,98.21,12.38,58.47,91.86,43.4,58.83,27.38
177,,Bhavnagar,2880365,1182401,1697964,75.52,82.26,70.7,84.39,88.31,81.51,66.08,75.6,59.47,98.47,46.49,45.98,99.87,99.11,10.34,75.48,97.19,39.95,56.29,22.43
178,,Anand,2092745,634987,1457758,84.37,88.16,82.68,91.82,93.07,91.27,76.36,82.93,73.43,99.71,71.47,64.84,100.0,100.0,24.21,38.62,99.42,40.37,57.72,21.6
179,,Kheda,2299885,523609,1776276,82.65,86.72,81.42,91.31,92.08,91.08,73.49,81.06,71.22,98.54,51.87,47.8,100.0,100.0,13.5,28.62,99.19,40.61,56.89,23.28
180,,Panch Mahals,2390776,334827,2055949,70.99,86.65,68.36,82.51,92.05,80.89,58.89,80.87,55.24,94.07,37.98,29.55,95.24,97.75,5.59,16.19,94.57,45.91,54.9,36.43
181,,Dohad,2127086,191625,1935461,58.82,82.09,56.36,70.01,88.79,67.98,47.65,75.18,44.78,99.13,51.37,30.54,100.0,96.82,4.2,9.7,98.26,46.97,50.61,43.29
182,,Vadodara,4165626,2065771,2099855,78.92,89.74,67.84,85.39,93.35,77.14,72.03,85.85,58.07,97.39,35.49,34.44,99.02,97.65,15.92,18.46,88.58,40.65,57.26,22.87
183,,Narmada,590297,61872,528425,72.31,87.48,70.46,81.19,92.34,79.83,63.09,82.41,60.74,94.8,26.16,22.22,94.98,94.8,2.51,11.47,93.55,49.94,57.88,41.67
184,,Bharuch,1551019,524959,1026060,81.51,88.33,77.99,87.45,92.02,85.05,75.09,84.24,70.47,98.15,39.57,42.97,100.0,99.23,10.51,32.3,99.07,40.43,58.2,21.23
185,,The Dangs,228291,24687,203604,75.16,88.32,73.42,83.06,92.79,81.8,67.38,84.08,65.12,99.03,18.83,13.64,100.0,91.23,0.65,7.79,95.13,51.8,53.88,49.73
186,,Navsari,1329672,409137,920535,83.88,88.92,81.65,88.75,92.62,86.98,78.83,84.91,76.23,98.12,67.2,63.17,100.0,99.19,16.94,38.17,100.0,44.51,60.14,28.23
187,,Valsad,1705678,635501,1070177,78.55,88.84,72.32,84.55,92.65,79.27,72.06,84.31,65.2,99.31,66.97,50.81,97.92,92.38,8.78,14.32,93.07,43.57,58.18,27.74
188,,Surat,6081322,4849213,1232109,85.53,87.74,76.92,89.56,91.14,82.76,80.37,83.19,70.6,97.68,56.96,49.86,94.35,98.99,10.58,14.06,96.09,41.99,62.98,15.33
189,,Tapi,807022,79487,727535,68.26,84.67,66.47,75.44,89.88,73.83,61.16,79.26,59.25,97.56,48.56,41.46,97.56,99.56,4.21,13.08,99.33,55.87,62.42,49.37
190,,,,,,,,,,,,,,,,,,,,,,,,,
191,,Panchkula,561293,313230,248063,81.88,86.72,75.64,87.04,90.47,82.66,75.99,82.48,67.5,84.95,47.57,15.53,100.0,80.1,4.85,10.19,98.06,37.68,55.01,17.82
192,,Ambala,1128350,500774,627576,81.75,87.46,77.13,87.34,91.21,84.17,75.5,83.2,69.36,91.32,60.3,26.46,100.0,100.0,7.38,14.75,97.61,32.98,53.47,9.82
193,,Yamunanagar,1214205,472829,741376,77.99,84.45,73.8,83.84,88.47,80.81,71.38,79.86,65.92,88.71,46.15,17.68,100.0,100.0,9.49,14.4,96.56,32.06,52.94,8.26
194,,Kurukshetra,964655,279225,685430,76.31,84.01,73.11,83.02,88.13,80.85,68.84,79.26,64.61,95.82,54.3,25.8,100.0,100.0,14.5,18.92,95.58,34.91,52.56,15.04
195,,Kaithal,1074304,236011,838293,69.15,77.88,66.67,77.98,84.87,76.02,59.24,70.08,56.14,95.88,66.29,43.82,100.0,100.0,11.99,29.59,99.63,34.8,51.26,16.13
196,,Karnal,1505324,454810,1050514,74.73,82.35,71.37,81.82,87.1,79.5,66.82,77.07,62.28,93.76,68.82,30.7,100.0,100.0,16.07,22.54,96.16,34.28,51.6,14.76
197,,Panipat,1205437,555085,650352,75.94,79.93,72.5,83.71,85.89,81.82,67.0,73.07,61.74,93.75,78.98,46.59,100.0,99.43,19.89,33.52,93.75,34.2,50.81,14.98
198,,Sonipat,1450001,453364,996637,79.12,83.9,76.93,87.18,89.86,85.97,69.8,77.13,66.39,98.43,75.86,55.17,100.0,100.0,26.02,37.3,96.24,36.08,50.06,19.75
199,,Jind,1334152,305583,1028569,71.44,80.11,68.85,80.81,87.25,78.89,60.76,72.07,57.34,99.01,100.0,55.3,100.0,100.0,14.57,45.03,100.0,39.23,51.65,24.98
200,,Fatehabad,942011,179588,762423,67.92,77.97,65.52,76.14,83.03,74.5,58.87,72.39,55.65,97.14,75.92,50.61,100.0,100.0,25.31,28.57,85.71,39.18,53.19,23.64
201,,Sirsa,1295189,319248,975941,68.82,79.17,65.41,76.43,84.36,73.82,60.4,73.42,56.1,96.94,91.74,52.91,100.0,100.0,23.85,63.0,98.78,38.76,54.13,21.64
202,,Hisar,1743931,553488,1190443,72.89,81.71,68.74,82.2,88.09,79.4,62.25,74.3,56.64,96.64,92.16,74.63,100.0,100.0,34.33,74.63,98.88,39.66,52.42,25.03
203,,Bhiwani,1634445,321322,1313123,75.21,81.48,73.67,85.65,88.34,84.99,63.54,73.82,61.0,98.64,76.92,45.25,100.0,100.0,21.49,29.41,99.77,38.12,49.69,25.05
204,,Rohtak,1061204,446164,615040,80.22,84.87,76.81,87.65,89.95,86.01,71.72,79.2,66.08,95.59,95.59,79.41,100.0,100.0,29.41,37.5,99.26,32.6,47.96,14.88
205,,Jhajjar,958405,243339,715066,80.65,84.34,79.39,89.31,90.41,88.94,70.73,77.41,68.46,96.36,74.49,58.3,100.0,100.0,16.6,22.67,90.69,34.07,48.58,17.24
206,,Mahendragarh,922088,132855,789233,77.72,82.71,76.88,89.72,90.65,89.56,64.57,73.94,63.0,97.83,60.16,28.73,100.0,100.0,13.01,11.38,97.29,36.72,47.86,24.26
207,,Rewari,900332,233430,666902,80.99,84.73,79.69,91.44,91.54,91.41,69.57,77.03,67.03,94.6,55.01,31.11,100.0,100.0,13.88,12.08,99.49,37.51,49.61,24.04
208,,Gurgaon,1514432,1042253,472179,84.7,86.76,80.08,90.46,90.73,89.86,77.98,82.06,69.11,95.63,57.64,26.2,100.0,100.0,10.04,6.55,98.69,35.97,52.95,16.09
209,,Mewat,1089263,124106,965157,54.08,69.42,51.99,69.94,80.09,68.56,36.6,57.71,33.71,95.15,62.86,17.23,100.0,100.0,7.04,7.77,98.3,26.62,39.33,12.61
210,,Faridabad,1809733,1438855,370878,81.7,83.82,73.18,88.61,89.59,84.66,73.84,77.25,60.13,87.5,54.17,15.28,100.0,100.0,14.58,11.81,94.44,32.01,49.37,12.13
211,,Palwal,1042708,236544,806164,69.32,77.81,66.72,82.66,86.16,81.59,54.23,68.45,49.85,96.27,58.58,23.88,100.0,100.0,14.55,17.16,99.63,29.69,43.55,13.95
212,,,,,,,,,,,,,,,,,,,,,,,,,
213,,Chamba,519080,36108,482972,72.17,92.05,70.6,82.59,95.31,81.51,61.67,88.25,59.73,78.65,29.46,29.01,82.07,52.25,6.49,7.75,43.51,56.65,60.76,52.47
214,,Kangra,1510075,86281,1423794,85.67,89.7,85.42,91.49,92.6,91.42,80.02,86.52,79.64,61.65,51.04,28.01,96.52,75.31,11.2,23.75,70.22,44.71,53.79,35.74
215,,Lahul & Spiti,31564,-,31564,76.81,0.0,76.81,85.69,0.0,85.69,66.84,0.0,66.84,86.79,37.5,31.07,77.5,74.64,7.14,5.0,48.93,61.13,64.88,56.97
216,,Kullu,437903,41391,396512,79.4,88.15,78.47,87.39,91.18,86.96,70.91,84.63,69.52,78.66,49.04,56.37,91.72,74.84,27.71,30.25,59.55,61.45,66.01,56.6
217,,Mandi,999777,62637,937140,81.53,91.56,80.84,89.56,94.06,89.24,73.66,88.98,72.64,62.74,21.61,18.56,94.11,59.51,4.56,13.44,43.75,57.28,59.72,54.85
218,,Hamirpur,454768,31430,423338,88.15,92.51,87.82,94.36,95.15,94.29,82.62,89.66,82.14,41.47,21.72,21.01,99.04,80.85,8.02,25.67,78.7,53.2,54.69,51.83
219,,Una,521173,44913,476260,86.53,86.65,86.52,91.89,89.94,92.08,81.11,83.06,80.94,64.43,46.08,34.43,98.86,82.41,16.84,42.91,86.96,41.32,53.7,28.64
220,,Bilaspur,381956,25129,356827,84.59,91.75,84.08,91.16,94.34,90.93,77.97,88.96,77.22,61.91,26.34,22.98,99.27,77.65,5.88,16.37,75.24,53.9,57.87,49.86
221,,Solan,580320,102147,478173,83.68,90.41,82.22,89.56,92.47,88.85,76.97,87.52,74.98,39.7,15.36,11.33,97.86,67.56,4.32,10.37,50.36,51.48,61.54,40.04
222,,Sirmaur,529855,57165,472690,78.8,90.73,77.31,85.61,93.35,84.64,71.36,87.82,69.33,70.87,26.86,22.73,97.21,72.73,5.58,17.46,36.57,52.86,61.31,43.65
223,,Shimla,814010,201351,612659,83.64,93.1,80.45,89.59,94.56,87.79,77.13,91.3,72.74,62.14,16.67,19.45,95.34,60.81,5.73,11.24,34.82,52.94,60.85,44.3
224,,Kinnaur,84121,-,84121,80.0,0.0,80.0,87.27,0.0,87.27,70.96,0.0,70.96,68.88,36.1,37.34,93.36,52.7,12.03,12.86,39.83,66.9,73.22,59.17
225,,,,,,,,,,,,,,,,,,,,,,,,,
226,,,,,,,,,,,,,,,,,,,,,,,,,
227,,Kupwara,870354,104729,765625,64.51,75.6,62.92,75.68,84.81,74.2,50.95,61.38,49.67,98.87,56.94,22.66,86.97,65.72,7.65,1.13,56.37,26.32,40.26,9.63
228,,Badgam,753745,97912,655833,56.08,68.87,54.01,66.3,79.46,64.0,44.85,55.38,43.29,98.05,58.87,21.86,96.32,74.89,4.55,7.36,54.76,28.51,40.84,14.7
229,,Leh(Ladakh),133487,45671,87816,77.2,86.59,72.1,86.31,92.09,82.47,63.56,74.86,59.16,100.0,79.28,49.55,78.38,85.59,10.81,0.9,59.46,56.24,67.45,40.01
230,,Kargil,140802,16338,124464,71.34,83.55,69.64,83.15,92.82,81.62,56.3,67.82,54.98,100.0,92.0,23.2,77.6,80.0,7.2,0.0,33.6,36.84,51.22,19.1
231,,Punch,476835,38630,438205,66.74,88.26,64.68,78.84,94.16,77.23,53.19,80.18,50.9,97.65,40.59,30.0,89.41,62.94,7.06,2.94,81.76,33.85,46.72,19.43
232,,Rajouri,642415,52314,590101,68.17,90.38,66.0,78.13,94.99,76.02,56.57,80.87,54.94,97.07,47.73,27.2,82.4,51.73,6.13,4.0,54.13,45.28,53.5,35.74
233,,Kathua,616435,89713,526722,73.09,85.86,70.83,81.53,90.41,79.93,63.72,80.67,60.76,88.1,98.79,24.19,97.78,27.62,8.87,2.42,48.19,32.51,49.54,13.39
234,,Baramula,1008039,182500,825539,64.63,76.01,61.96,75.53,84.38,73.28,52.38,65.21,49.63,98.23,54.81,25.74,96.27,68.17,10.61,2.36,49.31,30.18,46.67,11.54
235,,Bandipore,392232,65361,326871,56.28,65.45,54.33,66.88,75.94,64.9,44.34,52.96,42.58,96.64,66.39,21.85,93.28,76.47,10.08,0.0,36.13,38.07,48.82,25.97
236,,Srinagar,1236829,1219516,17313,69.41,69.63,53.51,76.25,76.43,63.17,61.85,62.11,43.29,100.0,72.73,0.0,100.0,90.91,9.09,0.0,45.45,32.92,51.17,12.64
237,,Ganderbal,297446,47039,250407,58.04,66.49,56.47,68.85,76.87,67.38,45.71,54.95,43.95,98.23,63.72,27.43,81.42,72.57,8.85,6.19,70.8,33.92,46.19,19.88
238,,Pulwama,560440,80462,479978,63.48,73.15,61.85,74.36,82.79,72.79,51.8,60.71,50.46,99.06,63.95,21.63,85.89,67.71,5.64,3.13,65.2,33.62,47.23,18.7
239,,Shupiyan,266215,16360,249855,60.76,78.65,59.54,70.27,86.74,69.0,50.9,67.85,49.9,99.12,61.95,14.6,91.15,42.92,4.87,0.44,54.87,32.95,46.84,18.34
240,,Anantnag,1078692,282887,795805,62.69,71.97,59.25,72.66,80.71,69.59,52.19,62.42,48.49,97.61,75.22,28.96,93.13,82.09,8.96,7.46,79.7,36.13,43.6,28.07
241,,Kulgam,424483,80613,343870,59.23,66.75,57.41,69.59,77.62,67.59,48.49,54.96,46.97,98.23,65.49,22.12,92.48,73.89,6.64,2.21,62.83,37.69,47.02,27.88
242,,Doda,409936,32689,377247,64.68,85.61,62.75,78.41,92.46,77.02,49.69,76.94,47.38,96.77,40.8,20.65,87.81,19.9,5.47,1.99,16.17,37.06,47.34,25.86
243,,Ramban,283713,11811,271902,54.27,84.21,52.82,68.82,91.33,67.62,38.04,74.35,36.49,97.64,43.31,26.77,85.04,33.86,6.3,0.0,25.98,30.74,45.92,13.92
244,,Kishtwar,230696,14865,215831,56.2,86.07,53.98,68.92,92.58,67.04,42.36,78.04,39.89,98.06,47.74,18.71,69.68,10.32,3.23,0.65,12.26,35.97,47.25,23.7
245,,Udhampur,554985,108208,446777,68.49,87.96,63.42,78.36,92.56,74.14,57.1,81.21,51.8,95.08,49.23,36.92,99.08,88.62,5.85,4.0,46.46,43.91,55.21,30.92
246,,Reasi,314667,26996,287671,58.15,81.06,55.85,68.38,86.35,66.46,46.59,74.35,43.98,96.84,47.04,32.02,87.75,42.29,4.74,2.37,32.02,46.01,53.32,37.79
247,,Jammu,1529958,765013,764945,83.45,88.51,78.24,89.08,92.39,85.56,77.13,83.99,70.33,94.23,33.72,23.08,87.56,75.13,6.28,2.69,81.92,33.24,51.3,12.73
248,,Samba,318898,53615,265283,81.41,88.62,79.93,88.41,93.75,87.24,73.64,82.24,72.0,94.2,30.43,13.62,88.12,57.68,6.09,2.9,84.64,29.01,48.46,7.06
249,,,,,,,,,,,,,,,,,,,,,,,,,
250,,Garhwa,1322784,69670,1253114,60.33,77.69,59.33,72.19,85.55,71.4,47.58,68.91,46.38,89.69,44.91,16.35,59.95,38.63,5.21,7.11,98.93,43.2,49.07,36.92
251,,Chatra,1042886,62954,979932,60.18,80.94,58.78,69.92,86.89,68.71,49.92,73.97,48.39,83.37,24.26,12.27,37.25,21.42,5.74,4.94,97.75,38.13,47.05,28.78
252,,Kodarma,716259,141246,575013,66.84,79.15,63.69,79.78,87.52,77.75,53.23,70.02,49.03,86.66,39.17,12.31,51.82,29.12,5.72,5.89,97.57,35.94,47.38,23.9
253,,Giridih,"2,445,474","208,024","2,237,450",63.14,79.45,61.55,76.76,85.67,75.88,48.72,72.68,46.42,83.27,26.86,17.01,53.09,21.38,9.46,3.91,98.59,42.38,49.59,34.73
254,,Deoghar,"1,492,073","258,361","1,233,712",64.85,84.36,60.49,76.85,90.24,73.8,51.8,77.73,46.14,67.29,15.34,10.54,47.75,18.99,3.02,2.0,91.67,36.96,49.51,23.4
255,,Godda,"1,492,073","258,361","1,233,712",56.4,82.16,55.01,67.84,87.71,66.74,44.14,75.92,42.47,63.45,22.04,14.75,41.11,16.94,3.32,2.49,77.07,42.04,50.75,32.75
256,,Sahibganj,1150567,159666,990901,52.04,73.2,48.45,60.34,79.52,56.99,43.31,66.23,39.53,62.19,22.61,10.67,33.8,16.83,4.82,2.74,77.91,42.61,50.17,34.66
257,,Pakur,461790,57411,404379,48.82,66.5,47.33,57.06,71.29,55.84,40.52,61.49,38.79,71.08,19.46,9.38,27.43,14.46,2.72,3.42,93.08,44.93,51.7,38.09
258,,Dhanbad,2684487,1560394,1124093,74.52,78.97,68.17,83.81,86.06,80.53,64.29,71.03,54.9,84.56,29.4,17.58,62.51,27.26,5.95,4.56,95.44,31.46,46.86,14.52
259,,Bokaro,2062330,983644,1078686,72.01,81.01,63.5,82.51,88.81,76.41,60.63,72.35,49.81,94.76,37.64,20.29,58.1,27.66,7.36,2.78,99.51,33.23,47.32,17.96
260,,Lohardaga,461790,57411,404379,67.61,85.37,64.98,77.41,89.8,75.54,57.69,80.75,54.33,96.31,37.5,26.42,57.67,16.19,9.38,5.97,100.0,47.93,52.27,43.52
261,,Purbi Singhbhum,2293919,1274591,1019328,75.49,85.27,62.86,83.75,90.56,74.7,66.81,79.57,50.85,78.37,23.0,14.61,55.5,28.78,9.7,8.2,98.32,36.5,52.36,19.78
262,,Palamu,"1,939,869","226,003","1,713,866",63.63,80.54,61.31,74.3,87.07,72.52,52.09,73.3,49.22,86.27,27.94,17.71,52.13,36.94,6.49,3.51,97.49,36.76,47.01,25.72
263,,Latehar,726978,51858,675120,59.51,78.33,57.99,69.97,84.77,68.74,48.68,71.26,46.92,91.59,28.04,16.96,51.0,32.44,3.87,5.47,99.33,43.11,48.72,37.3
264,,Hazaribagh,1734495,275307,1459188,69.75,85.49,66.64,80.01,90.59,77.86,58.95,79.89,54.91,83.74,26.57,14.17,58.51,23.55,7.46,11.15,97.9,37.74,47.53,27.4
265,,Ramgarh,949443,418955,530488,73.17,81.02,66.83,82.44,87.94,77.84,63.09,73.18,55.23,93.11,32.46,30.82,60.98,46.56,13.44,9.18,100.0,32.87,47.39,17.12
266,,Dumka,1321442,"90,178","1,231,264",61.02,83.72,59.28,72.96,89.16,71.65,48.82,77.62,46.72,79.84,21.73,15.07,49.29,14.1,4.09,2.23,97.47,47.28,54.91,39.46
267,,Jamtara,791042,75746,715296,64.59,82.62,62.58,76.46,89.24,74.99,52.15,75.28,49.66,85.49,24.4,9.98,55.82,20.79,4.07,11.65,98.89,41.29,53.04,28.97
268,,Ranchi,2914253,1257335,1656918,76.06,86.55,67.81,84.26,91.24,78.63,67.44,81.47,56.68,90.28,43.36,21.6,56.87,25.39,6.1,5.48,83.26,39.22,49.77,28.11
269,,Khunti,531885,44982,486903,63.86,83.71,61.95,74.08,89.29,72.59,53.69,77.98,51.38,77.59,33.69,14.59,45.49,22.28,5.57,3.32,99.87,48.88,52.99,44.76
270,,Gumla,1025213,65081,960132,65.73,87.79,64.16,75.55,92.19,74.34,55.9,83.2,53.99,94.9,47.03,21.44,48.51,25.37,4.03,2.97,100.0,47.55,51.47,43.6
271,,Simdega,599578,42944,556634,67.99,85.46,66.59,76.08,89.22,75.0,59.92,81.54,58.23,94.21,48.78,29.4,63.25,38.75,6.01,3.56,94.43,48.14,53.23,43.03
272,,Pashchimi Singhbhum,1502338,218034,1284304,58.63,82.44,54.31,71.13,89.32,67.71,46.25,75.2,41.19,89.65,79.78,10.17,44.95,25.88,4.93,2.25,99.76,46.25,52.4,40.13
273,,Saraikela-Kharsawan,1065056,258746,806310,67.7,80.54,63.53,79.03,86.62,76.47,55.88,73.82,50.28,87.78,34.82,11.17,56.02,19.11,4.01,3.93,99.3,40.38,52.03,28.19
274,,,,,,,,,,,,,,,,,,,,,,,,,
275,,Belgaum,"4,779,661","1,211,195","3,568,466",73.48,85.56,69.28,82.2,91.1,79.12,64.58,79.95,59.2,98.34,80.76,51.15,97.86,96.91,10.61,52.81,98.65,44.05,56.64,31.11
276,,Bagalkot,"1,889,752","597,846","1,291,906",68.82,78.58,64.2,79.23,86.55,75.77,58.4,70.65,52.58,93.8,72.1,54.81,100.0,98.53,9.62,34.75,97.39,43.29,53.84,32.62
277,,Bijapur,"2,177,331","501,978","1,675,353",67.15,81.33,62.81,77.21,87.8,74.03,56.72,74.79,51.1,96.32,81.89,54.34,100.0,94.26,14.87,25.18,88.51,42.61,52.21,32.6
278,,Bidar,"1,703,300","425,952","1,277,348",70.51,81.81,66.73,79.09,87.42,76.28,61.55,75.88,56.82,97.98,80.84,52.27,92.27,100.0,21.01,29.41,96.97,41.25,52.72,29.25
279,,Raichur,"1,928,812","490,348","1,438,464",59.56,75.12,54.11,70.47,83.1,66.01,48.73,67.1,42.37,96.56,73.99,31.53,97.06,100.0,8.71,9.33,83.93,46.84,54.99,38.69
280,,Koppal,"1,389,920","233,704","1,156,216",68.09,78.03,66.05,78.54,85.48,77.12,57.55,70.59,54.85,95.97,69.08,35.46,94.96,99.16,7.9,13.45,86.89,47.11,55.43,38.67
281,,Gadag,"1,064,570","379,309","685,261",75.12,80.94,71.86,84.66,88.01,82.83,65.44,73.92,60.62,96.58,74.84,45.03,100.0,94.1,12.42,42.55,95.03,46.57,57.79,35.13
282,,Dharwad,"1,847,023","1,049,539","797,484",80.0,85.92,72.09,86.37,90.49,80.98,73.46,81.31,62.72,96.12,82.55,43.21,97.78,97.51,14.13,38.23,93.91,42.49,58.02,26.5
283,,Uttara Kannada,"1,437,169","418,981","1,018,188",84.06,90.73,81.31,89.63,94.49,87.63,78.39,86.91,74.87,82.3,35.88,35.16,95.49,79.65,14.0,0.08,82.86,42.34,59.29,25.03
284,,Haveri,"1,597,668","355,501","1,242,167",77.4,83.39,75.69,84.0,87.39,83.05,70.46,79.29,67.89,98.99,68.53,34.63,100.0,97.99,10.92,28.88,99.28,45.7,59.91,30.74
285,,Bellary,"2,452,595","920,239","1,532,356",67.43,76.63,61.81,76.64,83.58,72.42,58.09,69.62,51.02,96.74,86.97,66.86,99.81,100.0,13.41,23.37,97.51,45.54,56.85,34.03
286,,Chitradurga,"1,659,456","329,533","1,329,923",73.71,85.89,70.68,81.37,90.22,79.19,65.88,81.55,61.91,93.14,57.49,30.7,100.0,78.06,8.23,13.4,84.28,51.62,61.05,41.93
287,,Davanagere,"1,945,497","629,010","1,316,487",75.74,84.02,71.77,82.4,88.19,79.63,68.91,79.77,63.69,94.5,59.5,33.88,95.25,91.12,8.38,20.38,87.5,44.99,59.37,30.19
288,,Shimoga,"1,752,753","623,727","1,129,026",80.45,87.79,76.37,86.07,91.35,83.14,74.84,84.24,69.6,81.72,36.43,25.83,100.0,99.45,4.92,9.76,83.17,44.54,60.92,28.12
289,,Udupi,"1,177,361","334,061","843,300",86.24,92.13,83.91,91.41,95.22,89.85,81.58,89.21,78.65,99.57,99.57,97.42,100.0,100.0,32.19,19.31,100.0,43.59,59.67,28.91
290,,Chikmagalur,"1,137,961","239,508","898,453",79.25,87.93,76.95,85.41,91.4,83.82,73.16,84.51,70.15,85.32,41.88,27.1,92.66,98.83,5.09,8.51,91.0,49.72,63.16,36.39
291,,Tumkur,"2,678,980","599,078","2,079,902",75.14,87.32,71.66,82.81,90.93,80.48,67.38,83.67,62.71,82.8,31.56,18.28,97.44,68.47,4.22,6.51,81.25,50.57,62.01,38.93
292,,Bangalore,"9,621,551","8,749,944","871,607",87.67,88.61,78.21,91.01,91.66,84.54,84.01,85.27,70.92,87.54,53.74,17.97,100.0,98.93,4.63,7.83,88.43,44.14,62.03,24.61
293,,Mandya,"1,805,769","308,362","1,497,407",70.4,83.24,67.78,78.27,87.78,76.34,62.54,78.75,59.21,93.2,48.17,27.85,94.52,86.11,16.96,0.22,95.83,48.26,63.55,32.89
294,,Hassan,"1,776,421","376,763","1,399,658",76.07,88.36,72.79,83.64,91.94,81.41,68.6,84.81,64.29,77.67,25.27,17.49,99.21,72.58,1.61,7.65,82.88,50.87,63.42,38.43
295,,Dakshina Kannada,"2,089,649","996,086","1,093,563",88.57,92.12,85.33,93.13,95.5,90.97,84.13,88.83,79.83,99.09,97.58,81.57,99.7,99.4,14.5,16.62,100.0,47.75,60.01,35.72
296,,Kodagu,"554,519","80,988","473,531",82.61,91.48,81.09,87.19,94.41,85.94,78.14,88.58,76.37,91.75,76.63,89.35,99.66,97.25,20.96,28.18,100.0,50.3,62.67,38.17
297,,Mysore,"3,001,127","1,245,413","1,755,714",72.79,86.09,63.29,78.46,89.5,70.64,67.06,82.67,55.78,91.33,59.8,35.03,99.25,99.83,10.18,14.18,92.08,43.79,60.98,26.35
298,,Chamarajanagar,"1,020,791","174,974","845,817",61.43,78.39,57.95,67.93,83.29,64.8,54.92,73.54,51.06,86.45,67.76,43.69,99.77,87.38,19.86,17.06,93.22,47.19,63.32,30.94
299,,Gulbarga,"2,566,326","835,551","1,730,775",64.85,78.61,58.09,74.38,85.12,69.08,55.09,71.91,46.86,99.54,74.4,45.01,96.44,99.89,8.5,17.22,95.06,42.36,52.24,32.19
300,,Yadgir,"1,174,271","220,677","953,594",51.83,72.01,47.05,62.25,80.03,58.02,41.38,63.92,36.05,94.46,75.98,43.33,99.79,98.36,4.52,14.78,95.69,46.64,53.72,39.48
301,,Kolar,"1,536,401","480,073","1,056,328",74.39,86.13,69.08,81.81,90.05,78.11,66.84,82.18,59.82,88.56,23.13,15.49,92.04,81.34,6.03,2.99,92.16,46.72,58.48,34.71
302,,Chikkaballapura,"1,255,104","281,119","973,985",69.76,81.57,66.39,77.75,86.01,75.41,61.55,77.06,57.1,86.25,26.21,14.73,97.21,73.11,4.0,6.95,82.02,50.97,60.41,41.27
303,,Bangalore Rural,"990,923","268,744","722,179",77.93,85.37,75.16,84.82,89.57,83.06,70.63,80.95,66.8,89.97,38.66,9.72,100.0,97.49,7.63,1.57,84.95,46.41,61.96,29.97
304,,Ramanagara,"1,082,636","267,759","814,877",69.22,81.54,65.26,76.76,85.47,73.96,61.5,77.51,56.36,90.49,44.51,20.37,99.39,94.76,2.56,10.37,93.54,49.09,62.84,35.0
305,,,,,,,,,,,,,,,,,,,,,,,,,
306,,Kasaragod,1307375,509047,798328,90.09,92.0,88.89,94.05,95.5,93.17,86.49,88.92,84.91,100.0,100.0,95.7,100.0,100.0,81.72,50.54,100.0,35.41,51.72,20.32
307,,Kannur,2523003,1640986,882017,95.1,95.87,93.67,97.19,97.73,96.23,93.29,94.31,91.31,100.0,100.0,100.0,100.0,100.0,100.0,62.5,100.0,32.66,51.58,16.01
308,,Wayanad,817420,31580,785840,89.03,91.18,88.95,92.51,94.13,92.45,85.7,88.4,85.59,100.0,100.0,100.0,100.0,100.0,89.58,62.5,100.0,41.6,56.92,26.8
309,,Kozhikode,3086293,2072572,1013721,95.08,95.38,94.47,97.42,97.55,97.16,92.99,93.45,92.04,100.0,100.0,100.0,100.0,100.0,90.2,31.37,100.0,30.75,51.15,12.17
310,,Malappuram,4112920,1817211,2295709,93.57,94.22,93.06,95.76,96.31,95.32,91.62,92.35,91.04,100.0,100.0,100.0,100.0,100.0,100.0,53.01,100.0,25.83,45.82,7.63
311,,Palakkad,2809934,676810,2133124,89.31,92.45,88.31,93.1,95.43,92.36,85.79,89.67,84.56,100.0,100.0,98.47,100.0,100.0,94.66,51.91,100.0,37.09,54.88,20.42
312,,Thrissur,3121200,2096406,1024794,95.08,95.76,93.68,96.78,97.23,95.87,93.56,94.45,91.73,97.96,100.0,97.96,100.0,100.0,86.73,69.39,100.0,35.11,53.32,18.67
313,,Ernakulam,3282388,2234363,1048025,95.89,96.22,95.18,97.36,97.6,96.86,94.46,94.9,93.54,100.0,100.0,100.0,100.0,100.0,100.0,70.49,100.0,38.06,56.39,20.21
314,,Idukki,1108974,52045,1056929,91.99,95.6,91.82,94.56,96.95,94.45,89.45,94.29,89.21,98.44,100.0,100.0,100.0,100.0,93.75,59.38,100.0,46.56,60.0,33.2
315,,Kottayam,1974551,565393,1409158,97.21,97.48,97.1,97.97,98.24,97.86,96.48,96.75,96.37,100.0,100.0,100.0,100.0,100.0,98.75,68.75,100.0,37.26,54.77,20.41
316,,Alappuzha,2127789,1148146,979643,95.72,95.68,95.76,97.36,97.46,97.24,94.24,94.07,94.44,96.08,100.0,96.08,100.0,100.0,96.08,86.27,100.0,37.81,52.98,24.02
317,,Pathanamthitta,1197412,131613,1065799,96.55,96.9,96.5,97.36,97.64,97.33,95.83,96.25,95.78,98.44,100.0,100.0,100.0,100.0,98.44,75.0,100.0,32.8,50.18,17.45
318,,Kollam,2635375,1187158,1448217,94.09,94.06,94.1,96.09,96.03,96.14,92.31,92.29,92.32,98.55,100.0,98.55,100.0,100.0,97.1,73.91,100.0,34.61,51.67,19.28
319,,Thiruvananthapuram,3301427,1771596,1529831,93.02,94.14,91.72,95.06,95.91,94.04,91.17,92.49,89.66,100.0,100.0,100.0,100.0,100.0,98.53,76.47,100.0,37.31,54.63,21.37
320,,,,,,,,,,,,,,,,,,,,,,,,,
321,,Nandurbar,"1,648,295 ","275,474 ","1,372,821 ",64.38,86.6,59.75,72.17,91.13,67.99,56.47,81.54,51.54,99.57,45.05,30.43,92.37,87.74,8.39,31.4,82.15,48.05,53.16,42.84
322,,Dhule,"2,050,862 ","571,036 ","1,479,826 ",72.8,86.68,67.31,79.5,90.29,75.21,65.77,82.85,59.07,99.85,51.19,46.44,97.92,94.07,16.77,59.94,84.27,45.66,54.12,36.71
323,,Jalgaon,"4,229,917 ","1,342,711 ","2,887,206 ",78.2,85.5,74.76,85.36,89.71,83.32,70.56,81.01,65.63,99.87,40.28,41.63,97.24,96.84,23.27,53.4,77.14,44.06,54.0,33.31
324,,Buldana,"2,586,258 ","548,860 ","2,037,398 ",83.4,89.08,81.85,90.54,93.51,89.74,75.84,84.45,73.49,96.77,33.54,32.0,93.85,81.23,14.15,38.31,74.92,47.16,54.88,38.89
325,,Akola,"1,813,906 ","719,741 ","1,094,165 ",88.05,91.23,85.95,92.34,93.99,91.25,83.54,88.36,80.32,95.25,32.06,32.64,91.32,75.12,13.66,36.92,77.89,42.35,55.81,28.11
326,,Washim,"1,197,160 ","211,413 ","985,747 ",83.25,88.29,82.17,90.55,92.39,90.16,75.48,84.0,73.63,98.71,34.24,27.65,96.13,84.24,12.32,48.85,83.67,47.6,54.87,39.77
327,,Amravati,"2,888,445 ","1,037,287 ","1,851,158 ",87.38,91.48,85.07,91.46,93.88,90.1,83.1,88.98,79.76,94.14,30.18,30.48,89.49,72.69,10.87,32.8,79.29,42.8,56.56,28.33
328,,Wardha,"1,300,774 ","423,300 ","877,474 ",86.99,92.62,84.27,91.92,96.05,89.93,81.81,89.04,78.26,90.03,26.21,22.92,86.74,71.12,8.22,31.65,84.17,46.76,58.7,34.14
329,,Nagpur,"4,653,570 ","3,178,759 ","1,474,811 ",88.39,91.37,81.92,92.09,94.17,87.59,84.51,88.43,75.91,92.58,26.28,18.18,88.06,66.05,8.41,23.93,84.11,40.15,55.94,23.55
330,,Bhandara,"1,200,334 ","233,831 ","966,503 ",83.76,90.74,82.05,90.35,94.38,89.37,77.08,87.06,74.64,97.15,32.43,21.27,93.0,74.97,10.64,43.71,83.92,49.76,56.98,42.41
331,,Gondiya,"1,322,507 ","225,930 ","1,096,577 ",84.95,91.47,83.6,92.04,95.57,91.3,77.89,87.36,75.94,98.41,43.49,20.72,93.32,76.67,6.91,34.2,88.11,50.31,57.92,42.71
332,,Gadchiroli,"1,072,942 ","118,033 ","954,909 ",74.36,89.0,72.52,82.31,93.71,80.87,66.27,84.16,64.05,94.23,34.06,12.99,55.47,44.53,4.51,9.28,56.0,54.45,59.73,49.08
333,,Chandrapur,"2,204,307 ","775,378 ","1,428,929 ",80.01,88.22,75.51,86.79,92.47,83.65,72.97,83.75,67.11,97.47,31.17,23.24,90.23,67.6,9.77,22.35,72.8,48.0,57.71,37.91
334,,Yavatmal,"2,772,348 ","598,153 ","2,174,195 ",82.82,91.24,80.47,89.41,94.73,87.93,75.93,87.63,72.63,96.98,34.7,22.29,94.5,77.01,8.63,30.6,78.31,48.91,57.43,39.97
335,,Nanded,"3,361,292 ","913,898 ","2,447,394 ",75.45,83.0,72.6,84.27,88.71,82.59,66.15,76.93,62.09,99.35,34.07,36.28,96.3,88.58,12.65,50.68,71.64,44.45,53.48,34.86
336,,Hingoli,"1,177,345 ","178,733 ","998,612 ",78.17,85.65,76.81,86.94,90.86,86.23,68.95,80.22,66.91,99.7,61.63,21.04,93.04,88.15,9.78,68.44,91.7,48.34,54.58,41.73
337,,Parbhani,"1,836,086 ","569,806 ","1,266,280 ",73.34,80.08,70.28,82.64,86.11,81.08,63.63,73.85,58.96,100.0,58.8,26.51,95.06,89.16,6.99,68.31,98.07,44.81,53.18,35.98
338,,Jalna,"1,959,046 ","377,429 ","1,581,617 ",71.52,81.24,69.17,81.53,86.82,80.26,60.95,75.35,57.48,99.9,69.0,23.28,97.39,93.53,6.68,76.1,93.74,47.52,53.88,40.72
339,,Aurangabad,"3,701,282 ","1,620,170 ","2,081,112 ",79.02,86.84,72.87,87.37,91.83,83.86,70.08,81.49,61.15,99.92,57.46,32.72,94.14,85.39,11.95,64.61,89.88,42.55,52.79,31.47
340,,Nashik,"6,107,187 ","2,597,373 ","3,509,814 ",82.31,89.12,77.19,88.17,92.71,84.71,76.08,85.23,69.31,100.0,68.79,50.76,95.83,93.54,12.66,69.67,95.83,45.25,55.31,34.48
341,,Thane,"11,060,148 ","8,514,678 ","2,545,470 ",84.53,88.55,70.6,88.72,91.31,79.27,79.77,85.35,61.54,99.94,57.34,25.88,92.9,87.62,7.92,55.87,94.19,40.62,57.34,21.74
342,,Mumbai Suburban,"9,356,962 ","9,356,962 ",0 ,89.91,89.91,0.0,92.92,92.92,0.0,86.37,86.37,0.0,,,,,,,,,39.92,58.52,18.28
343,,Mumbai,"3,085,411 ","3,085,411 ",0 ,89.21,89.21,0.0,91.48,91.48,0.0,86.45,86.45,0.0,,,,,,,,,41.63,60.61,18.8
344,,Raigarh,"2,634,200 ","970,195 ","1,664,005 ",83.14,90.55,78.83,89.13,93.58,86.43,76.92,87.23,71.17,99.95,35.43,23.28,88.44,67.37,2.58,31.83,92.2,40.73,56.08,24.74
345,,Pune,"9,429,408 ","5,751,182 ","3,678,226 ",86.15,89.45,80.98,90.84,92.46,88.25,81.05,86.12,73.25,99.95,64.15,44.71,88.39,83.1,13.71,61.39,92.39,42.94,57.06,27.5
346,,Ahmadnagar,"4,543,159 ","912,617 ","3,630,542 ",79.05,87.57,76.89,86.82,92.05,85.49,70.89,82.87,67.85,100.0,77.67,61.35,97.98,97.28,19.48,80.52,90.39,48.53,55.5,41.1
347,,Bid,"2,585,049 ","514,298 ","2,070,751 ",76.99,86.04,74.73,85.55,91.51,84.08,67.82,80.26,64.7,100.0,60.43,30.29,97.2,91.3,5.08,66.62,91.16,48.57,53.95,42.7
348,,Latur,"2,454,196 ","624,980 ","1,829,216 ",77.26,83.56,75.11,84.39,88.57,82.96,69.63,78.23,66.67,100.0,71.12,41.59,96.77,93.86,10.02,75.22,94.94,42.66,52.63,31.91
349,,Osmanabad,"1,657,576 ","281,057 ","1,376,519 ",78.44,86.26,76.85,85.84,91.5,84.69,70.51,80.71,68.42,100.0,69.78,48.49,97.94,94.23,11.68,73.76,92.58,46.69,54.99,37.7
350,,Solapur,"4,317,756 ","1,399,091 ","2,918,665 ",77.02,83.1,74.06,85.03,89.7,82.82,68.55,76.36,64.64,100.0,82.85,53.19,98.6,96.85,22.13,87.84,95.8,43.97,54.17,33.09
351,,Satara,"3,003,741 ","570,378 ","2,433,363 ",82.87,89.02,81.42,89.42,92.51,88.68,76.31,85.42,74.21,99.77,52.07,41.3,91.45,77.78,13.38,50.96,91.86,45.11,55.92,34.17
352,,Ratnagiri,"1,615,069 ","263,723 ","1,351,346 ",82.18,92.75,80.13,90.93,95.41,89.99,74.53,90.16,71.68,99.8,42.59,44.35,88.7,74.0,7.05,35.08,97.98,44.21,53.47,35.96
353,,Sindhudurg,"849,651 ","107,006 ","742,645 ",85.56,92.07,84.63,91.58,94.11,91.21,79.81,90.0,78.4,99.86,48.65,49.19,89.32,78.92,11.76,42.16,97.03,40.86,55.03,27.18
354,,Kolhapur,"3,876,001 ","1,230,009 ","2,645,992 ",81.51,88.28,78.35,88.57,92.42,86.75,74.22,83.95,69.73,99.92,66.95,50.88,96.9,91.38,24.77,71.55,91.97,43.96,56.81,30.54
355,,Sangli,"2,822,143 ","719,357 ","2,102,786 ",81.48,86.24,79.84,88.22,90.63,87.39,74.59,81.76,72.12,100.0,81.24,62.76,98.21,97.24,32.0,82.07,96.41,43.06,55.74,29.93
356,,,,,,,,,,,,,,,,,,,,,,,,,
357,,West Garo Hills,643291,74858,568433,67.58,91.33,64.21,72.39,93.17,69.5,62.7,89.53,58.82,87.13,29.36,4.63,71.78,16.3,2.85,0.38,45.78,39.75,46.86,32.52
358,,East Garo Hills,317917,44192,273725,73.95,90.18,71.17,77.72,91.8,75.3,70.05,88.48,66.92,90.55,35.63,2.65,53.02,13.89,1.32,0.57,52.08,39.66,44.82,34.34
359,,South Garo Hills,142334,13131,129203,71.72,89.79,69.81,76.23,91.65,74.62,66.9,87.83,64.69,68.81,11.76,2.19,28.86,22.71,0.55,0.0,28.86,37.28,44.86,29.27
360,,West Khasi Hills,383461,43105,340356,77.87,88.02,76.54,78.53,87.96,77.33,77.19,88.08,75.73,94.88,14.36,6.77,60.75,15.83,0.64,0.37,28.27,42.6,46.3,38.82
361,,Ribhoi,258840,25253,233587,75.67,85.43,74.55,76.79,87.88,75.4,74.49,82.39,73.68,90.5,14.34,6.04,82.9,30.22,1.38,0.69,33.33,41.13,48.19,33.73
362,,East Khasi Hills,825922,366481,459441,84.15,91.41,77.73,84.51,93.28,76.73,83.81,89.58,78.7,89.71,22.75,8.78,83.21,31.31,3.14,0.87,48.21,39.57,49.74,29.5
363,,Jaintia Hills,395124,28430,366694,61.64,91.1,59.05,58.14,91.83,55.29,65.06,90.44,62.75,91.97,32.53,16.87,76.51,25.3,2.61,0.4,46.79,39.02,45.26,32.86
364,,,,,,,,,,,,,,,,,,,,,,,,,
365,,Mamit,"1,097,206","571,771","525,435",84.93,95.4,82.67,89.13,95.86,87.69,80.35,94.92,77.16,91.86,55.81,44.19,81.4,10.47,2.33,0.0,47.67,45.55,53.57,36.89
366,,Kolasib,,,,93.5,96.38,89.72,94.57,96.87,91.58,92.38,95.86,87.72,91.18,70.59,64.71,85.29,29.41,2.94,2.94,38.24,43.68,52.97,33.97
367,,Aizawl,,,,97.89,98.27,96.4,98.11,98.44,96.89,97.67,98.11,95.9,95.74,72.34,62.77,96.81,23.4,10.64,8.51,52.13,43.63,52.51,34.82
368,,Champhai,,,,95.91,96.69,95.41,97.21,97.67,96.93,94.59,95.72,93.85,96.39,77.11,68.67,80.72,32.53,4.82,1.2,40.96,47.99,53.84,42.04
369,,Serchhip,,,,97.91,98.23,97.59,98.28,98.3,98.27,97.53,98.17,96.89,97.14,65.71,65.71,97.14,5.71,5.71,8.57,31.43,49.89,55.59,44.06
370,,Lunglei,,,,88.86,97.79,81.76,92.04,98.19,87.17,85.49,97.37,76.03,96.27,46.58,32.92,84.47,16.15,2.48,1.86,32.3,48.5,55.77,40.82
371,,Lawngtlai,,,,65.88,95.66,59.1,74.12,96.97,68.95,57.12,94.28,48.6,98.11,51.57,19.5,35.22,10.06,0.0,1.26,24.53,38.65,47.06,29.76
372,,Saiha,,,,90.01,95.1,85.77,92.64,96.09,89.75,87.34,94.09,81.76,96.15,61.54,30.77,38.46,19.23,3.85,5.77,25.0,34.4,42.7,25.91
373,,,,,,,,,,,,,,,,,,,,,,,,,
374,,,,,,,,,,,,,,,,,,,,,,,,,
375,,Sheopur,"687,861","107,352","580,509",57.43,72.85,54.47,69.33,82.43,66.82,44.23,62.26,40.77,90.7,35.66,15.31,94.77,48.45,4.46,10.08,77.52,40.34,50.8,28.73
376,,Morena,"1,965,970","470,462","1,495,508",71.03,77.6,68.91,82.93,86.98,81.64,56.9,66.74,53.68,98.32,46.32,29.29,77.55,46.45,6.71,13.94,75.74,34.38,49.17,16.79
377,,Bhind,"1,703,005","432,922","1,270,083",75.26,78.84,74.03,85.4,87.21,84.79,63.14,69.2,60.99,98.54,27.98,27.42,76.18,30.79,3.37,13.6,61.12,30.58,49.17,8.37
378,,Gwalior,"2,032,036","1,273,792","758,244",76.65,83.19,65.19,84.7,89.17,76.95,67.38,76.37,51.42,94.17,92.07,19.42,88.51,39.97,5.66,13.27,65.53,33.73,50.34,14.49
379,,Datia,"786,754","181,982","604,772",72.63,79.38,70.57,84.2,87.19,83.3,59.41,70.66,55.91,95.73,28.33,25.77,67.92,24.23,7.0,10.75,44.2,40.82,53.71,26.05
380,,Shivpuri,"1,726,050","295,423","1,430,627",62.55,77.21,59.39,74.56,84.84,72.37,48.79,68.65,44.45,93.72,26.74,18.47,68.12,33.1,3.75,7.51,50.27,43.99,52.29,34.52
381,,Tikamgarh,"1,445,166","249,873","1,195,293",61.43,74.68,58.58,71.77,82.17,69.55,49.97,66.46,46.39,86.67,34.85,21.64,65.26,38.5,5.01,13.9,63.33,45.35,52.97,36.88
382,,Chhatarpur,"1,762,375","399,016","1,363,359",63.74,78.68,59.19,72.66,85.09,68.91,53.59,71.49,48.09,94.65,33.36,21.01,81.38,33.27,4.79,10.78,46.18,42.66,51.44,32.71
383,,Panna,"1,016,520","125,335","891,185",64.79,79.57,62.61,74.14,85.88,72.4,54.44,72.53,51.79,95.35,23.34,16.58,81.63,32.1,2.64,8.76,44.35,42.5,51.62,32.42
384,,Sagar,"2,378,458","708,796","1,669,662",76.46,86.43,72.08,84.85,91.81,81.82,67.02,80.45,61.04,87.16,23.09,14.15,80.27,32.04,2.63,8.94,45.29,42.3,54.29,28.87
385,,Damoh,"1,264,219","250,551","1,013,668",69.73,83.98,66.08,79.27,89.84,76.56,59.22,77.53,54.53,86.9,26.62,11.14,81.21,35.54,5.87,7.23,45.92,45.45,55.56,34.35
386,,Satna,"2,228,935","474,418","1,754,517",72.26,82.5,69.4,81.37,88.72,79.28,62.45,75.61,58.84,86.6,26.13,17.4,74.32,37.08,4.67,8.45,50.53,40.89,51.01,29.95
387,,Rewa,"2,365,106","395,785","1,969,321",71.62,81.95,69.46,81.43,88.84,79.86,61.16,74.42,58.44,72.67,19.89,14.91,59.84,26.2,0.96,2.03,42.82,41.94,50.38,32.87
388,,Umaria,"644,758","110,544","534,214",65.89,79.36,62.94,76.02,87.05,73.56,55.23,70.99,51.87,91.08,26.09,10.94,75.76,35.52,4.04,5.56,41.25,44.93,53.13,36.29
389,,Neemuch,"826,067","245,230","580,837",70.8,82.48,65.78,83.91,90.42,81.03,57.13,73.87,50.13,92.59,25.63,17.48,85.19,51.7,3.41,9.48,55.85,50.68,58.13,42.88
390,,Mandsaur,"1,340,411","277,604","1,062,807",71.78,83.7,68.6,85.14,91.22,83.51,57.98,75.87,53.23,95.86,35.72,23.74,89.7,64.5,6.05,15.79,66.18,50.71,58.24,42.89
391,,Ratlam,"1,455,069","435,031","1,020,038",66.78,83.23,59.4,77.54,89.28,72.22,55.77,76.95,46.35,96.01,31.62,19.09,73.5,41.5,4.75,10.16,51.66,47.49,55.73,39.0
392,,Ujjain,"1,986,864","779,213","1,207,651",72.34,82.9,65.28,83.46,89.16,79.62,60.74,76.33,50.4,98.17,23.74,18.17,89.13,33.79,6.58,14.98,41.28,45.17,56.03,33.8
393,,Shajapur,"1,512,681","293,548","1,219,133",69.09,80.26,66.35,81.47,88.72,79.7,55.93,71.29,52.16,97.76,24.0,16.99,85.34,31.56,7.84,16.15,47.99,47.46,55.33,39.06
394,,Dewas,"1,563,715","451,759","1,111,956",69.35,81.58,64.23,80.3,89.01,76.64,57.76,73.66,51.15,94.32,30.94,18.07,83.54,40.21,5.68,11.45,49.57,47.49,56.06,38.4
395,,Dhar,"2,185,793","413,221","1,772,572",59.0,79.49,54.09,68.95,86.33,64.57,48.77,71.88,43.5,94.72,29.59,14.62,82.67,47.39,5.55,6.97,65.88,47.03,53.66,40.16
396,,Indore,"3,276,697","2,427,709","848,988",80.87,84.93,68.93,87.25,89.44,80.74,74.02,80.05,56.5,95.6,34.2,21.82,86.16,42.18,9.77,19.06,64.66,38.7,55.25,20.87
397,,Khargone (West Nimar),"1,873,046","298,856","1,574,190",62.7,81.97,58.87,72.08,88.13,68.85,53.03,75.49,48.63,91.79,31.24,15.16,82.5,41.96,5.86,12.65,52.6,47.74,54.37,40.86
398,,Barwani,"1,385,881","204,069","1,181,812",49.08,77.67,43.74,55.7,84.08,50.32,42.39,71.03,37.13,96.84,40.66,14.8,75.72,36.49,5.75,8.91,60.34,47.18,52.32,41.94
399,,Rajgarh,"1,545,814","276,457","1,269,357",61.21,77.39,57.64,73.02,85.8,70.19,48.95,68.61,44.63,91.83,16.94,10.02,79.13,21.77,2.56,7.57,30.23,48.23,54.39,41.8
400,,Vidisha,"1,458,875","339,618","1,119,257",70.53,81.45,67.09,79.14,86.82,76.76,60.85,75.56,56.14,89.65,16.86,11.98,82.62,34.24,4.49,11.07,43.68,37.73,52.18,21.59
401,,Bhopal,"2,371,061","1,917,051","454,010",80.37,83.41,66.91,85.42,87.44,76.56,74.87,79.04,56.23,94.01,27.74,14.97,80.84,30.54,4.19,7.78,61.28,36.59,52.18,19.6
402,,Sehore,"1,311,332","248,462","1,062,870",70.06,81.62,67.27,80.83,87.81,79.16,58.33,74.96,54.31,95.54,34.53,16.59,83.22,36.18,5.63,11.25,51.12,44.69,53.32,35.3
403,,Raisen,"1,331,597","303,425","1,028,172",72.98,81.56,70.4,80.81,87.2,78.87,64.24,75.2,60.96,93.54,19.8,16.43,79.78,24.02,3.09,7.94,39.68,38.89,52.88,23.36
404,,Betul,"1,575,362","309,151","1,266,211",68.9,86.78,64.36,76.65,91.34,72.85,60.94,81.96,55.7,95.39,41.07,17.86,76.79,38.47,4.46,6.18,61.83,49.96,56.79,42.92
405,,Harda,"570,465","119,364","451,101",72.5,87.24,68.46,81.14,92.38,78.07,63.27,81.79,58.16,85.52,22.7,15.46,75.93,41.88,3.91,9.2,45.4,40.49,53.2,26.89
406,,Hoshangabad,"1,241,350","389,986","851,364",75.29,86.8,69.83,83.35,91.93,79.29,66.45,81.2,59.45,95.11,29.53,19.54,80.46,28.88,5.65,10.21,50.92,38.51,53.25,22.38
407,,Katni,"1,292,042","263,543","1,028,499",71.98,85.21,68.43,81.92,90.41,79.61,61.56,79.62,56.8,92.27,30.72,20.99,72.49,46.3,6.63,7.29,58.23,42.09,52.63,31.02
408,,Jabalpur,"2,463,289","1,440,034","1,023,255",81.07,87.04,72.36,87.29,91.0,81.82,74.37,82.74,62.31,87.51,23.67,16.27,79.81,30.72,3.2,5.08,56.21,40.82,55.27,25.27
409,,Narsimhapur,"1,091,854","203,540","888,314",75.69,86.74,73.1,83.64,91.26,81.85,67.06,81.84,63.59,90.24,25.99,21.06,86.38,27.05,3.96,9.28,41.26,43.76,56.87,29.51
410,,Dindori,"704,524","32,318","672,206",63.9,84.65,62.86,75.47,91.48,74.65,52.41,77.47,51.2,91.68,24.75,10.77,46.95,20.87,4.77,4.88,54.83,55.35,57.79,52.9
411,,Mandla,"1,054,905","130,189","924,716",66.87,87.16,63.88,77.52,92.35,75.28,56.39,81.84,52.72,94.6,24.44,11.89,69.49,26.93,2.99,3.49,56.03,53.05,57.16,48.98
412,,Chhindwara,"2,090,922","505,183","1,585,739",71.16,85.75,66.36,79.04,90.7,75.17,63.01,80.57,57.26,90.77,28.75,12.07,72.82,26.76,4.46,7.5,47.32,45.82,54.7,36.6
413,,Seoni,"1,379,131","163,890","1,215,241",72.12,88.87,69.79,80.45,93.29,78.64,63.67,84.31,60.83,95.31,29.26,14.12,78.47,37.37,2.72,3.23,55.67,49.63,56.71,42.41
414,,Balaghat,"1,701,698","244,816","1,456,882",77.09,85.74,75.6,85.36,91.34,84.32,69.04,80.19,67.14,91.9,47.33,17.77,73.58,40.25,6.6,11.4,62.34,52.48,58.02,47.05
415,,Guna,"1,241,519","312,675","928,844",63.23,77.15,58.36,74.05,85.21,70.17,51.36,68.38,45.38,90.27,21.6,9.18,64.95,26.5,2.37,5.14,46.68,41.47,51.66,30.3
416,,Ashoknagar,"845,071","153,684","691,387",66.42,78.0,63.76,78.12,86.35,76.25,53.42,68.83,49.87,94.62,32.64,11.49,78.73,28.12,2.32,3.18,39.0,37.31,52.23,20.8
417,,Shahdol,"1,066,063","219,600","846,463",66.67,83.2,62.16,76.14,89.57,72.38,56.99,76.42,51.85,92.63,26.04,17.2,77.15,40.54,5.04,7.62,65.48,46.25,54.15,38.14
418,,Anuppur,"749,237","205,241","543,996",67.88,80.28,63.01,78.26,88.13,74.19,57.3,71.73,51.9,98.4,29.36,19.22,71.17,48.58,4.63,5.87,77.76,46.24,54.71,37.57
419,,Sidhi,"1,127,033","93,121","1,033,912",64.43,78.72,63.08,74.44,86.2,73.3,54.07,70.61,52.55,87.22,21.27,12.98,67.41,39.02,2.54,5.76,53.76,40.97,49.36,32.2
420,,Singrauli,"1,178,273","226,786","951,487",60.41,75.51,56.58,71.34,83.97,68.05,48.53,65.93,44.23,92.3,22.42,12.24,74.42,44.98,3.71,4.13,72.21,42.39,49.58,34.57
421,,Jhabua,"1,025,048","91,983","933,065",43.3,83.49,38.98,52.85,89.86,48.73,33.77,76.69,29.33,96.93,29.25,15.58,85.95,39.59,4.09,10.6,68.71,50.25,51.55,48.95
422,,Alirajpur,"728,999","57,074","671,925",36.1,80.05,32.08,42.02,86.48,37.85,30.29,73.43,26.45,97.77,24.91,13.2,71.93,44.24,3.72,4.46,73.61,50.32,52.05,48.6
423,,Khandwa (East Nimar),"1,310,061","259,436","1,050,625",66.39,84.28,61.78,76.29,89.27,72.96,55.92,79.05,49.91,98.59,38.82,23.21,82.42,45.43,10.97,16.17,71.03,46.79,54.82,38.27
424,,Burhanpur,"757,847","260,287","497,560",64.36,79.65,55.95,71.8,84.64,64.72,56.58,74.43,46.78,97.32,74.71,23.37,87.36,60.92,13.79,19.16,67.05,43.33,54.55,31.52
425,,,,,,,,,,,,,,,,,,,,,,,,,
426,,Mon,23225,0,23225,56.99,84.47,52.54,60.94,86.54,56.74,52.58,82.11,47.88,92.37,69.47,11.45,84.73,17.56,0.0,0.76,29.77,59.0,60.28,57.57
427,,Mokokchung,83797,35913,47884,91.62,93.59,90.82,92.18,93.81,91.5,91.01,93.33,90.11,91.59,59.81,32.71,93.46,39.25,1.87,6.54,54.21,51.42,56.47,45.96
428,,Zunheboto,4540,0,4540,85.26,94.5,82.96,87.85,95.51,85.84,82.62,93.36,80.1,93.72,37.7,10.99,92.67,12.04,1.05,0.0,17.28,56.46,57.82,55.06
429,,Wokha,1865,0,1865,87.69,95.79,85.48,90.81,96.93,89.09,84.48,94.57,81.8,77.48,47.02,13.25,94.7,25.17,2.65,0.0,16.56,47.14,49.81,44.38
430,,Dimapur,24149,8738,15411,84.79,87.39,81.88,87.54,89.6,85.2,81.77,84.92,78.32,92.69,51.14,10.5,98.17,30.14,0.91,5.94,30.14,39.95,50.48,28.5
431,,Phek,6505,0,6505,78.05,88.3,76.16,83.66,92.38,81.93,72.21,83.46,70.29,94.87,60.68,18.8,100.0,32.48,0.0,0.0,40.17,49.12,49.62,48.6
432,,Tuensang,18600,0,18600,73.08,91.99,68.55,76.31,93.89,71.95,69.59,89.82,64.93,92.75,37.68,15.22,72.46,25.36,2.9,0.0,10.14,49.93,51.93,47.77
433,,Longleng,8615,0,8615,72.17,91.45,68.65,74.48,92.48,71.15,69.63,90.3,65.9,91.84,100.0,18.37,81.63,20.41,0.0,0.0,26.53,60.55,61.4,59.61
434,,Kiphire,4646,0,4646,69.54,87.33,64.26,74.88,90.41,70.13,63.96,83.95,58.23,87.78,17.78,10.0,88.89,11.11,0.0,2.22,7.78,43.19,44.36,41.96
435,,Kohima,17369,0,17369,85.23,90.09,81.14,88.69,92.26,85.7,81.48,87.74,76.15,87.62,31.43,21.9,98.1,43.81,1.9,1.9,48.57,42.85,49.03,36.18
436,,Peren,8697,5084,3613,77.95,85.55,76.66,82.84,90.6,81.61,72.58,80.57,71.14,88.24,24.51,9.8,93.14,23.53,0.0,0.0,9.8,64.47,64.87,64.04
437,,,,,,,,,,,,,,,,,,,,,,,,,
438,,Bargarh,1481255,150110,1331145,74.62,85.84,73.36,83.68,91.51,82.79,65.38,79.95,63.75,99.92,31.38,18.49,96.1,27.14,0.93,0.93,55.81,51.45,63.18,39.45
439,,Jharsuguda,579505,231165,348340,78.86,83.92,75.54,86.61,90.05,84.29,70.73,77.24,66.61,95.68,23.63,19.88,98.85,42.65,0.0,0.86,70.89,42.74,57.98,26.76
440,,Sambalpur,1041099,308093,733006,76.22,84.76,72.6,84.35,90.29,81.78,67.93,78.95,63.35,85.19,21.32,18.96,92.43,40.28,0.16,0.33,95.61,48.59,59.44,37.47
441,,Debagarh,312520,22390,290130,72.57,83.41,71.72,81.92,89.13,81.34,63.05,77.3,61.96,77.99,12.81,10.17,84.68,47.63,0.0,0.0,65.88,52.94,58.39,47.35
442,,Sundargarh,2093437,738097,1355340,73.34,85.34,66.63,81.01,90.21,75.63,65.48,80.04,57.73,95.04,33.04,26.15,93.7,44.6,0.18,0.41,62.0,41.71,55.1,27.95
443,,Kendujhar,1801733,253059,1548674,68.24,78.61,66.53,78.12,85.76,76.8,58.28,70.8,56.3,99.85,17.01,36.82,95.74,49.81,0.0,0.15,76.36,42.54,54.95,29.98
444,,Mayurbhanj,2519738,192896,2326842,63.17,85.89,61.19,73.76,90.77,72.24,52.71,80.82,50.34,80.86,22.47,21.67,95.04,38.18,0.03,0.11,65.61,48.56,55.55,41.61
445,,Baleshwar,2320529,253293,2067236,79.79,84.67,79.18,87.0,89.1,86.74,72.28,80.07,71.3,75.64,10.4,21.82,97.08,32.52,0.61,0.95,65.77,40.19,57.68,21.92
446,,Bhadrak,1506337,185838,1320499,82.78,79.48,83.24,89.64,84.85,90.32,75.83,73.87,76.1,88.8,17.04,34.4,98.96,43.84,0.72,1.52,79.52,31.11,53.87,7.91
447,,Kendrapara,1440361,83534,1356827,85.15,88.28,84.96,91.45,92.65,91.38,78.96,83.73,78.67,87.35,20.42,25.09,100.0,46.08,0.21,0.99,78.66,32.41,53.83,11.14
448,,Jagatsinghapur,1136971,115980,1020991,86.59,87.31,86.51,92.38,91.48,92.49,80.63,82.68,80.4,83.81,16.35,22.73,99.59,43.01,0.41,0.82,85.94,35.5,56.34,13.96
449,,Cuttack,2624470,736047,1888423,85.5,90.64,83.47,91.11,93.66,90.09,79.55,87.39,76.49,80.71,29.63,16.49,96.88,37.07,0.38,0.81,74.46,35.68,56.32,13.72
450,,Jajapur,1827192,135097,1692095,80.13,86.0,79.67,86.84,90.66,86.53,73.29,81.07,72.68,86.3,22.65,16.65,97.37,30.29,0.5,0.63,76.53,30.22,52.49,7.34
451,,Dhenkanal,1192811,117506,1075305,78.76,89.26,77.59,86.18,93.28,85.37,71.0,84.89,69.49,86.31,20.91,25.81,91.03,51.71,1.11,1.2,65.77,36.51,55.59,16.37
452,,Anugul,1273821,206546,1067275,77.53,86.82,75.7,85.98,92.0,84.75,68.64,81.05,66.28,82.89,15.84,12.09,92.02,27.69,0.36,0.67,52.6,41.33,55.05,26.79
453,,Nayagarh,962789,79738,883051,80.42,87.76,79.75,88.16,92.9,87.72,72.05,82.21,71.12,70.02,25.76,17.26,74.95,46.4,0.32,0.78,60.67,35.69,56.62,12.83
454,,Khordha,2251673,1084316,1167357,86.88,91.04,82.95,91.78,94.24,89.38,81.61,87.46,76.28,78.83,19.69,20.35,97.2,31.12,0.29,0.59,65.56,35.18,55.34,13.49
455,,Puri,1698730,264930,1433800,84.67,87.38,84.16,90.85,90.96,90.82,78.28,83.54,77.32,81.94,21.56,21.25,97.81,45.12,0.62,1.06,83.69,36.6,57.6,14.79
456,,Ganjam,3529031,768001,2761030,71.09,83.28,67.61,80.99,89.29,78.54,61.13,76.93,56.77,85.09,28.64,20.66,91.05,48.87,0.97,14.7,62.88,42.55,55.64,29.25
457,,Gajapati,577817,70666,507151,53.49,77.92,49.87,64.38,85.12,61.24,43.18,70.85,39.16,77.79,12.88,11.47,67.11,29.95,0.0,3.8,37.63,50.87,55.11,46.8
458,,Kandhamal,733110,72279,660831,64.13,86.81,61.52,76.93,93.3,74.99,51.94,80.29,48.77,69.38,14.6,13.36,62.89,23.91,0.04,1.53,32.15,48.47,53.76,43.37
459,,Baudh,441162,20424,420738,71.61,86.8,70.84,83.34,93.29,82.82,59.79,79.93,58.79,67.41,8.77,11.73,83.53,27.22,0.0,4.66,61.68,49.75,56.68,42.74
460,,Subarnapur,610183,49941,560242,74.42,83.03,73.64,84.4,90.71,83.82,64.04,74.91,63.06,87.15,14.02,13.55,92.41,27.69,0.0,7.13,47.55,46.98,58.33,35.15
461,,Balangir,1648997,197381,1451616,64.72,83.44,62.11,75.85,89.82,73.85,53.5,76.75,50.32,98.06,30.44,17.36,98.97,37.41,0.17,6.4,60.94,43.7,56.61,30.61
462,,Nuapada,610382,34054,576328,57.35,78.99,56.04,70.29,86.65,69.28,44.76,71.25,43.19,95.88,29.73,17.38,95.88,34.76,0.46,3.81,70.43,50.04,55.69,44.51
463,,Kalahandi,1576869,121987,1454882,59.22,81.6,57.28,71.9,88.38,70.43,46.68,74.52,44.34,74.48,30.77,17.06,80.53,34.69,0.28,3.54,53.4,47.69,56.83,38.57
464,,Rayagada,967911,146966,820945,49.76,78.04,44.4,61.04,85.56,56.16,39.19,70.4,33.54,84.6,11.99,28.44,62.97,28.32,0.08,0.61,45.83,48.26,54.67,42.16
465,,Nabarangapur,1220946,87625,1133321,46.43,77.87,43.85,57.31,84.93,55.01,35.8,70.75,32.98,98.04,49.42,26.73,98.39,47.0,0.92,2.65,65.32,50.04,56.65,43.54
466,,Koraput,1379647,226169,1153478,49.21,81.8,42.37,60.32,88.48,54.14,38.55,74.9,31.26,82.23,27.98,12.83,79.55,23.91,0.26,1.6,40.39,50.26,56.58,44.14
467,,Malkangiri,613192,49528,563664,48.54,74.53,46.14,59.07,83.4,56.69,38.28,64.91,35.95,82.11,35.58,10.75,63.62,20.5,0.2,1.51,29.25,50.66,56.15,45.28
468,,,,,,,,,,,,,,,,,,,,,,,,,
469,,Yanam,"55,626","55,626",-,79.47,79.47,0.0,82.75,82.75,0.0,76.35,76.35,0.0,,,,,,,,,30.13,51.45,9.58
470,,Puducherry,"950,289","657,209","293,080",85.44,88.57,78.35,91.23,93.43,86.24,79.86,83.88,70.73,100.0,100.0,58.06,100.0,100.0,54.84,54.84,100.0,36.63,54.81,18.97
471,,Mahe,"41,816","41,816",-,97.87,97.87,0.0,98.63,98.63,0.0,97.25,97.25,0.0,,,,,,,,,28.22,47.5,11.95
472,,Karaikal,"200,222","98,102","102,120",87.05,89.08,85.09,92.37,93.9,90.91,82.02,84.57,79.54,100.0,96.43,57.14,100.0,96.43,28.57,14.29,100.0,34.11,54.33,14.8
473,,,,,,,,,,,,,,,,,,,,,,,,,
474,,Gurdaspur,"2,298,323","659,319","1,639,004",79.95,87.25,76.96,84.56,90.63,81.98,74.85,83.28,71.55,88.45,44.62,16.04,100.0,55.91,6.4,18.15,88.32,32.94,52.58,11.01
475,,Hoshiarpur,"1,586,625","334,969","1,251,656",84.59,87.75,83.74,88.75,90.47,88.28,80.31,84.82,79.13,85.78,53.43,27.8,100.0,72.35,11.7,25.92,92.27,31.5,50.99,11.23
476,,Fatehgarh Sahib,"600,163","185,482","414,681",79.35,83.45,77.53,83.33,86.69,81.79,74.8,79.59,72.75,95.25,23.76,15.38,100.0,67.42,6.56,18.1,94.34,35.79,56.98,11.46
477,,Firozpur,"2,029,074","552,556","1,476,518",68.92,78.89,65.14,75.44,83.18,72.44,61.69,73.98,57.12,88.38,65.65,26.7,100.0,52.67,9.84,20.94,100.0,37.29,55.65,16.74
478,,Faridkot,"617,508","217,051","400,457",69.55,78.71,64.6,74.6,83.34,69.8,63.91,73.43,58.85,97.55,73.62,35.58,100.0,70.55,17.79,35.58,93.25,35.88,56.65,12.55
479,,Bathinda,"1,388,525","499,217","889,308",68.28,79.48,62.04,73.79,84.29,67.89,61.94,73.89,55.37,99.28,90.32,52.33,100.0,92.11,23.3,57.71,90.32,39.61,58.26,18.13
480,,Amritsar,"2,490,656","1,334,611","1,156,045",76.27,83.29,68.0,80.15,86.18,72.92,71.96,80.02,62.63,92.89,70.7,33.14,100.0,74.68,11.1,20.77,90.61,36.85,55.76,15.58
481,,Barnala,"595,527","190,685","404,842",67.82,74.45,64.74,71.57,78.14,68.48,63.57,70.2,60.52,96.06,79.53,56.69,92.13,93.7,22.05,48.82,58.27,35.15,56.11,11.21
482,,,,,,,,,,,,,,,,,,,,,,,,,
483,,Sirohi,1036346,208654,827692,55.25,78.7,48.95,69.98,89.31,64.62,39.73,66.94,32.66,84.89,52.13,50.64,98.51,49.15,23.62,20.85,37.02,40.51,50.95,29.4
484,,Ganganagar,1969168,535432,1433736,69.64,78.74,66.17,78.5,85.3,75.9,59.7,71.31,55.31,33.03,21.33,12.15,99.4,30.72,3.19,7.78,7.64,46.35,57.15,34.17
485,,Hanumangarh,1774692,350464,1424228,67.13,75.45,65.06,77.41,83.32,75.94,55.84,66.79,53.12,35.01,24.25,18.35,99.24,36.76,9.72,12.67,14.75,47.07,55.07,38.23
486,,Bikaner,2363937,800384,1563553,65.13,77.98,58.14,75.9,85.66,70.61,53.23,69.54,44.32,75.73,54.49,45.86,99.42,66.28,24.27,25.2,35.71,41.72,51.63,30.77
487,,Churu,2039547,576235,1463312,66.75,72.61,64.4,78.78,83.38,76.95,54.04,61.3,51.12,84.31,56.82,53.38,99.08,69.99,21.42,28.98,36.77,44.27,51.49,36.58
488,,Jhunjhunun,2137045,489079,1647966,74.13,76.53,73.42,86.9,87.39,86.75,60.95,65.03,59.77,87.9,61.88,56.37,100.0,67.6,21.06,27.0,37.47,41.86,49.4,33.93
489,,Alwar,3674179,654451,3019728,70.72,83.39,67.85,83.75,91.02,82.08,56.25,74.67,52.16,83.37,34.04,40.97,99.8,33.45,14.7,17.76,28.75,46.5,51.27,41.17
490,,Bharatpur,2548462,495099,2053363,70.11,78.99,67.85,84.1,88.1,83.09,54.24,68.78,50.53,80.1,36.66,41.62,99.37,32.96,14.53,22.14,29.4,42.03,47.74,35.54
491,,Dhaulpur,1206516,247450,959066,69.08,72.72,68.1,81.22,81.25,81.21,54.67,62.9,52.42,83.02,27.47,35.33,99.63,20.85,7.37,9.99,20.72,43.37,51.88,33.3
492,,Karauli,1458248,218105,1240143,66.22,72.77,65.05,81.41,84.14,80.93,48.61,60.05,46.52,81.32,40.66,46.77,99.65,43.01,15.39,17.86,29.02,43.12,47.35,38.2
493,,Sawai Madhopur,1335551,266467,1069084,65.39,78.97,61.92,81.51,89.76,79.43,47.51,67.22,42.43,75.2,34.04,37.6,99.34,33.91,13.85,20.18,27.57,43.28,48.83,37.1
494,,Dausa,1634409,201793,1432616,68.16,80.68,66.33,82.98,90.99,81.81,51.93,69.41,49.38,74.7,29.75,34.66,99.91,31.88,12.88,13.9,23.73,41.88,46.42,36.87
495,,Jaipur,6626178,3471847,3154331,75.51,82.47,67.62,86.05,89.2,82.46,64.02,75.08,51.67,79.63,33.35,36.64,99.81,47.74,14.96,17.03,25.96,37.2,49.44,23.75
496,,Sikar,2677333,633906,2043427,71.91,75.36,70.84,85.11,85.81,84.89,58.23,64.32,56.35,86.4,60.33,57.75,99.83,62.91,21.6,23.49,35.97,37.59,47.84,26.77
497,,Nagaur,3307743,637204,2670539,62.8,70.64,60.91,77.17,81.87,76.04,47.82,58.84,45.18,85.33,55.87,49.78,99.94,67.43,18.92,24.89,33.59,43.11,50.52,35.3
498,,Jodhpur,3687165,1264614,2422551,65.94,79.38,58.48,78.95,86.75,74.57,51.83,71.26,41.16,73.42,55.01,39.92,99.95,55.99,13.13,18.36,22.71,40.4,50.16,29.75
499,,Jaisalmer,669919,89025,580894,57.22,78.02,53.8,72.04,87.44,69.42,39.71,66.17,35.54,51.98,40.61,22.62,92.99,41.93,5.16,8.99,14.29,43.13,50.47,34.5
500,,Barmer,2603751,181837,2421914,56.53,78.22,54.79,70.86,88.63,69.44,40.63,66.64,38.55,70.88,42.82,28.14,99.96,56.16,5.87,10.48,14.23,46.18,50.86,41.0
501,,Jalor,1828730,151755,1676975,54.86,71.08,53.34,70.67,84.15,69.38,38.47,56.95,36.78,90.9,71.3,62.45,100.0,73.7,30.34,31.86,44.75,49.03,52.84,45.03
502,,Pali,2037573,460006,1577567,62.39,75.84,58.4,76.81,87.1,73.64,48.01,63.89,43.48,81.51,57.92,46.21,99.8,64.9,18.49,24.98,31.96,41.34,51.01,31.54
503,,Ajmer,2583052,1035410,1547642,69.33,83.88,59.13,82.44,90.85,76.45,55.68,76.5,41.29,79.71,39.4,40.31,99.73,49.32,15.2,16.11,27.21,40.79,51.82,29.2
504,,Tonk,1421326,317723,1103603,61.58,73.84,58.01,77.12,82.94,75.46,45.45,64.76,39.66,60.93,30.2,24.46,99.37,30.65,8.15,14.52,18.73,45.67,51.07,40.01
505,,Bundi,1110906,222701,888205,61.52,77.9,57.3,75.44,87.7,72.3,46.55,67.42,41.16,71.16,27.91,25.14,99.65,27.8,8.19,12.23,17.99,47.36,54.54,39.59
506,,Bhilwara,2408523,512654,1895869,61.37,80.7,56.0,75.27,89.04,71.32,47.21,71.79,40.58,67.21,33.24,26.31,99.72,37.04,8.72,13.58,19.72,47.67,55.26,39.87
507,,Rajsamand,1797485,127621,1669864,63.14,81.88,59.46,78.42,91.07,75.86,47.95,72.27,43.32,64.51,30.86,26.81,100.0,42.33,5.88,7.81,18.13,47.63,54.97,40.21
508,,Dungarpur,1388552,88743,1299809,59.46,84.38,57.64,72.88,91.39,71.5,46.16,77.11,43.96,80.97,54.84,43.93,99.49,44.34,13.79,11.63,27.78,46.2,49.76,42.61
509,,Banswara,1797485,127621,1669864,56.33,85.2,53.96,69.48,91.0,67.7,43.06,79.26,40.1,74.55,39.19,29.36,99.12,38.18,9.02,8.35,21.08,50.99,53.12,48.82
510,,Chittaurgarh,1544338,285264,1259074,61.71,82.75,56.84,76.61,90.81,73.26,46.53,74.27,40.24,52.37,26.25,18.41,99.43,32.83,4.81,10.69,14.55,51.98,58.31,45.47
511,,Kota,1951014,1176604,774410,76.56,81.71,68.57,86.31,88.91,82.21,65.87,73.71,53.95,62.11,24.35,21.74,98.76,26.83,6.71,13.79,16.02,38.38,52.36,23.03
512,,Baran,1222755,254214,968541,66.66,77.97,63.62,80.35,87.77,78.36,51.96,67.48,47.78,61.85,24.42,21.54,99.01,25.49,5.3,12.03,15.8,45.19,52.02,37.84
513,,Jhalawar,1411129,229291,1181838,61.5,81.09,57.63,75.75,89.54,73.01,46.53,72.11,41.51,58.53,22.72,17.27,99.33,26.14,3.9,9.27,14.31,48.61,55.55,41.27
514,,Udaipur,3068420,608426,2459994,61.82,87.52,54.93,74.74,93.39,69.64,48.45,81.24,39.82,67.66,36.06,29.58,97.98,41.6,7.49,7.61,18.74,44.51,53.35,35.29
515,,Pratapgarh,867848,71807,796041,55.97,84.78,53.2,69.5,92.2,67.29,42.35,77.15,39.04,56.19,23.51,23.09,97.42,30.0,5.15,6.39,14.54,55.46,57.5,53.38
516,,,,,,,,,,,,,,,,,,,,,,,,,
517,,North  District,43709,4644,39065,78.01,83.81,77.34,83.3,87.8,82.82,70.97,79.34,69.89,88.46,42.31,44.23,100.0,13.46,7.69,30.77,78.85,53.44,64.44,39.12
518,,West District,136435,5248,131187,77.39,89.34,76.9,83.53,93.47,83.12,70.86,84.91,70.29,93.28,41.18,37.82,100.0,42.86,5.04,62.18,74.79,51.56,58.05,44.68
519,,South District,146850,21199,125651,81.42,88.45,80.21,86.52,92.18,85.58,75.82,84.58,74.26,95.0,39.29,37.14,99.29,37.86,7.14,33.57,89.29,50.9,59.08,41.97
520,,East District,283583,122487,161096,83.85,88.9,79.99,88.47,92.5,85.5,78.5,84.91,73.4,88.6,47.37,45.61,100.0,49.12,5.26,43.86,78.07,49.25,60.99,35.81
521,,,,,,,,,,,,,,,,,,,,,,,,,
522,,West Tripura,"1,240,703","192,602","1,048,101",88.69,93.23,85.67,92.5,95.31,90.65,84.75,91.11,80.44,98.58,67.26,72.24,95.37,35.23,9.25,11.03,99.64,40.46,56.9,23.37
523,,South Tripura,"793,346","40,376","752,970",84.66,93.44,83.16,89.98,95.84,88.99,79.09,90.95,77.07,99.63,75.75,56.72,85.07,36.94,20.52,25.0,77.24,41.88,56.58,26.52
524,,Dhalai,"351,073","13,342","337,731",85.72,95.4,84.5,91.31,97.28,90.56,79.79,93.41,78.06,98.65,60.81,33.78,79.05,22.97,8.78,6.76,58.78,41.2,54.31,27.32
525,,North Tripura,"617,893","44,231","573,662",87.5,94.21,86.02,91.13,95.7,90.12,83.75,92.67,81.77,97.59,79.52,64.46,78.92,35.54,9.04,9.04,75.3,35.83,52.72,18.36
526,,,,,,,,,,,,,,,,,,,,,,,,,
527,,Thiruvarur,1264277,257795,1006482,82.86,89.71,81.1,89.13,93.79,87.96,76.72,85.79,74.38,96.47,49.26,54.46,100.0,90.15,13.38,26.39,97.21,42.73,59.02,26.71
528,,Thiruvallur,3728104,2428395,1299709,84.03,89.25,74.25,89.69,93.53,82.45,78.32,84.92,66.09,92.61,50.52,40.89,98.8,84.71,13.06,15.29,95.88,41.26,58.82,23.46
529,,Chennai,4646732,4646732,0,90.18,90.18,0.0,93.7,93.7,0.0,86.64,86.64,0.0,,,,,,,,,39.11,58.62,19.39
530,,Kancheepuram,3998252,2538336,1459916,84.49,89.39,75.95,89.89,93.49,83.63,79.02,85.24,68.2,90.85,35.65,30.25,99.58,70.37,11.64,11.75,93.14,41.86,58.69,24.81
531,,Vellore,3936331,1701987,2234344,79.17,85.01,74.7,86.5,90.59,83.39,71.95,79.56,66.08,97.38,65.01,60.29,99.74,86.63,14.55,18.87,96.99,42.92,57.29,28.64
532,,Tiruvannamalai,2464875,494945,1969930,74.21,84.41,71.62,83.11,90.8,81.18,65.32,78.13,62.05,97.31,46.39,41.1,99.52,95.67,9.43,12.9,97.21,50.23,59.79,40.62
533,,Viluppuram,3458873,519088,2939785,71.88,84.74,69.59,80.55,90.71,78.75,63.15,78.82,60.33,95.81,49.76,40.6,99.3,90.71,14.95,16.0,94.48,49.24,58.44,39.92
534,,Salem,3482056,1774122,1707934,72.86,79.67,65.74,80.24,85.79,74.57,65.15,73.43,56.32,92.65,63.83,59.96,96.52,79.69,16.25,31.33,93.04,48.65,60.83,35.89
535,,Namakkal,1726601,696125,1030476,74.63,79.51,71.34,82.64,86.28,80.21,66.57,72.77,62.36,93.65,66.02,67.13,99.72,84.25,21.82,35.64,95.86,52.02,61.14,42.78
536,,Erode,2251744,1157976,1093768,72.58,79.39,65.41,80.42,86.17,74.45,64.71,72.68,56.21,94.43,68.64,65.51,100.0,84.32,23.34,32.75,98.26,53.1,64.79,41.33
537,,The Nilgiris,735394,435655,299739,85.2,87.99,81.17,91.72,93.39,89.27,78.98,82.8,73.53,95.0,85.0,90.0,100.0,85.0,57.5,62.5,92.5,47.59,58.91,36.72
538,,Dindigul,2159775,808040,1351735,76.26,83.89,71.67,84.23,89.68,80.98,68.33,78.19,62.36,96.67,78.48,75.15,100.0,90.3,36.97,43.64,97.27,51.17,61.56,40.76
539,,Karur,1064493,434517,629976,75.6,84.7,69.3,84.54,91.38,79.82,66.86,78.19,59.02,98.82,84.02,77.51,98.22,94.67,23.08,39.05,99.41,51.04,62.3,39.95
540,,Tiruchirappalli,2722290,1338033,1384257,83.23,89.92,76.69,89.72,94.11,85.44,76.87,85.81,68.11,97.68,90.26,71.69,99.54,96.52,22.27,28.54,98.84,44.59,58.36,31.01
541,,Perambalur,565223,97163,468060,74.32,85.22,72.06,82.87,90.53,81.28,65.9,80.03,62.95,97.28,76.87,80.27,97.28,94.56,29.25,36.05,98.64,53.03,57.64,48.43
542,,Ariyalur,754894,83794,671100,71.34,81.39,70.07,81.23,87.99,80.38,61.74,75.01,60.06,100.0,77.78,83.6,100.0,99.47,22.75,27.51,98.94,47.67,56.72,38.74
543,,Cuddalore,2605914,885189,1720725,78.04,86.38,73.69,85.93,91.88,82.85,70.14,80.9,64.48,97.75,46.31,46.31,100.0,78.35,15.14,16.77,95.49,44.89,57.15,32.47
544,,Nagapattinam,1616450,364624,1251826,83.59,89.03,82.0,89.79,93.74,88.65,77.58,84.54,75.54,97.74,64.61,60.29,100.0,81.28,17.9,27.16,97.33,41.57,57.78,25.76
545,,Thanjavur,2405890,851359,1554531,82.64,89.18,79.04,89.04,93.55,86.57,76.5,85.02,71.79,93.16,41.57,50.95,99.49,97.34,14.58,30.16,97.97,40.49,57.55,24.0
546,,Pudukkottai,1618345,316354,1301991,77.19,88.74,74.37,85.56,93.84,83.53,69.0,83.71,65.42,90.57,37.43,38.93,99.86,85.52,11.75,17.49,90.57,47.07,58.65,35.65
547,,Sivaganga,1339101,412845,926256,79.85,89.1,75.73,87.92,93.65,85.35,71.85,84.56,66.19,95.28,60.63,49.21,100.0,91.34,19.69,22.24,98.03,46.31,58.52,34.14
548,,Madurai,3038252,1846801,1191451,83.45,89.41,74.14,89.72,93.67,83.59,77.16,85.15,64.59,91.44,53.23,51.52,100.0,78.9,21.1,23.38,98.29,44.59,59.14,29.89
549,,Theni,1245899,670481,575418,77.26,81.25,72.58,85.03,87.96,81.64,69.46,74.59,63.38,97.5,92.5,82.5,98.75,90.0,38.75,31.25,96.25,47.49,58.96,35.91
550,,Virudhunagar,1942288,980226,962062,80.15,84.31,75.88,87.71,90.47,84.9,72.69,78.25,66.95,91.37,45.26,38.11,98.74,92.0,20.21,25.05,92.21,48.92,59.84,38.07
551,,Ramanathapuram,1353445,410699,942746,80.72,89.24,77.03,87.81,93.58,85.29,73.52,84.77,68.68,97.39,53.79,57.18,98.69,71.54,19.84,28.98,100.0,44.55,57.53,31.34
552,,Thoothukkudi,1750176,876802,873374,86.16,90.16,82.16,91.14,93.74,88.52,81.33,86.66,76.03,98.38,57.87,58.33,99.54,89.58,26.16,24.54,95.6,42.74,58.23,27.61
553,,Tirunelveli,3077233,1520229,1557004,82.5,85.9,79.17,89.24,91.74,86.77,75.98,80.23,71.8,95.81,63.26,70.7,99.77,95.58,23.26,17.91,98.84,46.68,57.61,36.0
554,,Kanniyakumari,1870374,1539802,330572,91.75,91.96,90.76,93.65,93.92,92.39,89.9,90.06,89.16,91.07,85.71,76.79,98.21,89.29,53.57,41.07,89.29,36.34,56.63,16.42
555,,Dharmapuri,1506843,260912,1245931,68.54,81.21,65.86,76.85,87.33,74.69,59.8,75.07,56.47,89.51,53.35,47.77,93.75,62.5,15.85,26.12,100.0,49.85,57.61,41.65
556,,Krishnagiri,1879809,428363,1451446,71.46,85.54,67.32,78.72,89.99,75.43,63.91,80.94,58.88,88.37,47.01,42.86,100.0,84.39,17.28,13.95,95.51,46.7,58.49,34.38
557,,Coimbatore,3458045,2618940,839105,83.98,87.82,72.16,89.06,92.09,79.73,78.92,83.56,64.63,96.8,73.97,69.41,97.72,92.69,30.59,40.64,97.26,45.34,62.63,28.04
558,,Tiruppur,2479052,1521111,957941,78.68,84.53,69.61,85.49,90.06,78.34,71.82,78.93,60.91,96.97,70.37,72.39,98.65,98.32,30.64,40.4,96.97,51.07,65.78,36.2
559,,,,,,,,,,,,,,,,,,,,,,,,,
560,,Saharanpur,"3,466,382","1,066,526","2,399,856",70.49,74.52,68.65,78.28,79.33,77.8,61.74,69.12,58.38,65.49,68.54,12.63,98.47,68.46,1.21,0.56,16.73,29.93,49.68,7.73
561,,Muzaffarnagar,"4,143,512","1,191,312","2,952,200",69.12,71.01,68.34,78.44,77.78,78.71,58.69,63.5,56.7,94.2,67.27,29.2,90.23,51.82,11.02,10.68,86.36,31.17,49.31,10.77
562,,Bijnor,"3,682,713","925,312","2,757,401",68.48,68.31,68.53,76.56,72.59,77.91,59.72,63.65,58.39,72.23,62.72,12.35,93.14,68.25,4.99,5.31,64.73,29.54,47.96,9.45
563,,Moradabad,"4,772,006","1,573,623","3,198,383",56.77,63.35,53.39,64.83,67.46,63.48,47.86,58.84,42.19,89.87,43.68,12.58,74.26,25.23,3.81,4.71,69.94,29.71,47.68,9.89
564,,Rampur,"2,335,819","588,647","1,747,172",53.34,56.0,52.41,61.4,60.18,61.83,44.44,51.44,41.97,76.81,50.18,8.48,95.13,29.15,4.42,5.6,72.38,31.56,49.82,11.47
565,,Jyotiba Phule Nagar,"1,840,221","458,713","1,381,508",63.84,65.09,63.41,74.54,70.98,75.73,52.1,58.68,49.86,78.62,26.69,7.61,66.63,18.25,3.44,3.65,72.89,32.56,47.65,15.97
566,,Meerut,"3,443,689","1,759,182","1,684,507",72.84,74.79,70.75,80.74,80.68,80.81,63.98,68.21,59.41,88.91,59.93,26.49,100.0,50.0,10.93,12.75,84.27,31.67,49.23,11.85
567,,Baghpat,"1,303,048","275,025","1,028,023",72.01,73.28,71.67,82.45,81.54,82.69,59.95,63.95,58.86,88.28,97.24,31.03,96.9,51.72,13.1,12.07,85.86,31.98,48.94,12.29
568,,Gautam Buddha Nagar,"1,648,115","974,309","673,806",80.12,83.73,74.77,88.06,89.2,86.32,70.82,77.17,61.69,88.49,43.75,20.07,100.0,41.78,7.24,5.26,77.3,34.53,49.81,16.59
569,,Bulandshahr,"3,499,171","867,429","2,631,742",68.88,69.39,68.71,80.93,77.39,82.1,55.57,60.65,53.85,96.85,54.17,22.32,83.22,30.32,5.37,7.75,81.01,33.53,48.66,16.65
570,,Aligarh,"3,673,889","1,217,191","2,456,698",67.52,67.85,67.34,77.97,73.73,80.11,55.68,61.27,52.8,95.47,31.62,25.3,72.05,31.71,4.79,6.5,86.32,31.97,47.61,14.23
571,,Mahamaya Nagar,"1,564,708","332,693","1,232,015",71.59,71.85,71.52,82.38,78.34,83.48,59.23,64.56,57.74,88.85,28.09,18.63,67.02,21.53,3.05,5.04,83.82,30.94,47.62,11.8
572,,Mathura,"2,547,184","755,993","1,791,191",70.36,74.45,68.57,81.97,81.47,82.18,56.89,66.37,52.72,92.33,37.81,24.11,75.62,36.58,7.67,7.12,79.86,33.01,46.46,17.44
573,,Agra,"4,418,797","2,024,195","2,394,602",71.58,72.68,70.6,80.62,78.1,82.84,61.18,66.51,56.42,95.18,30.04,25.56,71.41,37.67,9.19,8.07,88.57,31.45,47.35,13.15
574,,Firozabad,"2,498,156","833,169","1,664,987",71.92,70.6,72.6,80.82,76.51,82.99,61.75,63.99,60.58,85.82,54.05,15.19,66.58,55.57,5.44,11.65,92.91,30.48,46.68,11.98
575,,Mainpuri,"1,868,529","288,442","1,580,087",75.99,79.35,75.37,84.53,84.14,84.6,66.3,74.11,64.8,92.2,33.78,75.24,100.0,32.2,5.12,8.41,88.78,30.02,46.92,10.83
576,,Bareilly,"4,448,359","1,568,409","2,879,950",58.49,63.05,55.89,67.5,68.95,66.68,48.3,56.46,43.59,68.89,81.73,9.22,51.91,48.84,3.67,6.09,51.91,31.52,48.9,11.91
577,,Pilibhit,"2,031,007","351,415","1,679,592",61.47,64.95,60.72,71.7,71.35,71.78,50.0,57.82,48.3,77.61,45.95,7.57,56.14,27.72,2.7,5.17,49.27,30.46,49.9,8.72
578,,Shahjahanpur,"3,006,538","594,092","2,412,446",59.54,64.59,58.23,68.18,69.79,67.77,49.57,58.83,47.09,73.85,71.31,11.83,64.42,42.0,6.94,8.96,59.29,29.68,48.76,7.78
579,,Kheri,"4,021,243","461,035","3,560,208",60.56,71.72,59.04,69.57,76.43,68.64,50.42,66.49,48.23,85.11,73.33,19.4,66.53,50.29,7.09,7.33,66.06,31.45,49.85,10.87
580,,Sitapur,"4,483,992","530,784","3,953,208",61.12,72.12,59.58,70.31,76.44,69.47,50.67,67.41,48.27,78.94,73.67,14.59,60.6,49.72,6.6,9.37,67.07,31.73,49.31,11.92
581,,Hardoi,"4,092,845","541,806","3,551,039",64.57,72.01,63.4,74.39,77.76,73.87,53.19,65.6,51.17,84.85,24.86,15.63,96.33,26.85,3.88,5.45,61.62,32.23,49.83,11.94
582,,Unnao,3108367,531646,2576721,66.37,75.1,64.52,75.05,79.87,74.04,56.76,69.87,53.97,79.68,76.61,15.0,65.92,47.37,5.14,9.98,65.68,36.18,52.21,18.52
583,,Lucknow,4589838,3038996,1550842,77.29,81.91,67.82,82.56,85.6,76.42,71.54,77.93,58.29,90.91,45.58,14.57,70.61,32.5,5.23,6.85,85.55,33.61,51.22,14.41
584,,Farrukhabad,1885204,416185,1469019,69.04,73.37,67.76,77.4,78.31,77.13,59.44,67.79,56.94,87.39,17.09,13.3,60.32,25.0,3.9,7.91,70.18,31.42,49.15,11.12
585,,Kannauj,1656616,280841,1375775,72.7,71.03,73.05,80.91,76.73,81.76,63.33,64.75,63.03,70.78,49.13,22.53,67.15,52.47,6.83,8.14,77.76,31.67,48.87,12.1
586,,Etawah,1581810,366299,1215511,78.41,81.99,77.3,86.06,86.34,85.98,69.61,77.16,67.21,90.38,52.62,20.7,64.43,34.4,6.41,6.56,79.59,31.99,48.91,12.55
587,,Auraiya,2058383,275905,1782478,78.95,85.7,77.54,86.11,89.87,85.34,70.61,81.03,68.37,87.65,25.1,17.95,38.88,30.56,3.51,9.23,73.99,32.04,49.26,12.12
588,,Kanpur Dehat,1796184,173423,1622761,75.78,79.97,75.33,83.45,84.94,83.29,66.86,74.4,66.03,93.69,25.78,19.46,63.66,26.29,5.07,9.94,75.47,35.01,51.28,16.19
589,,Kanpur Nagar,4581268,3015645,1565623,79.65,82.1,74.74,83.62,84.35,82.13,75.05,79.47,66.22,92.57,25.94,19.18,78.82,26.94,5.99,9.31,81.15,34.32,52.84,12.84
590,,Jalaun,1689974,418900,1271074,73.75,77.6,72.45,83.48,84.24,83.22,62.46,70.08,59.85,92.89,69.32,23.25,63.16,40.98,7.75,7.32,60.4,36.73,51.98,19.11
591,,Jhansi,1998603,833484,1165119,75.05,81.65,70.19,85.38,88.35,83.19,63.49,74.1,55.71,91.54,71.95,21.34,59.73,40.94,4.03,6.31,58.52,40.77,53.46,26.52
592,,Ghaziabad,"4,681,645","3,162,547","1,519,098",78.07,80.62,72.6,85.42,86.62,82.83,69.79,73.86,61.04,94.52,64.58,25.44,84.54,34.83,10.57,9.2,79.84,32.48,49.49,13.18
593,,Budaun,"3,681,896","644,595","3,037,301",51.29,59.14,49.56,60.98,65.26,60.06,40.09,52.4,37.28,85.99,48.74,15.13,65.15,48.18,6.22,8.01,71.48,30.08,47.75,9.78
594,,Rae Bareli,,3097564,3405559,67.25,79.02,66.04,77.63,84.32,76.93,56.29,73.3,54.56,77.55,83.73,22.68,61.68,47.55,8.08,10.56,67.74,35.37,49.49,20.41
595,,Lalitpur,1221592,175378,1046214,63.52,81.18,60.38,74.98,88.21,72.64,50.84,73.51,46.78,74.1,15.34,22.29,69.9,59.91,4.2,6.95,66.86,41.2,50.98,30.41
596,,Bara Banki,3260699,330803,2929896,61.75,69.52,60.84,70.27,74.0,69.84,52.34,64.56,50.92,77.27,39.24,18.88,59.05,27.85,4.9,6.38,72.1,36.58,51.04,20.7
597,,Basti,2464464,138097,2326367,67.22,82.47,66.27,77.88,88.05,77.22,56.23,76.33,55.02,38.51,1.36,3.23,19.75,8.16,0.89,1.2,19.94,31.8,44.5,18.61
598,,Jaunpur,4494204,346580,4147624,71.55,80.17,70.81,83.8,85.96,83.61,59.81,73.99,58.67,61.94,53.12,12.66,76.21,49.47,5.14,7.12,78.86,31.98,42.07,22.13
599,,Hamirpur,1104285,209848,894437,68.77,77.03,66.79,79.76,85.1,78.49,55.95,67.77,53.08,89.74,21.13,23.34,56.14,45.67,6.64,6.44,49.3,40.18,51.98,26.46
600,,Mahoba,875958,185381,690577,65.27,73.57,62.99,75.83,81.59,74.26,53.22,64.49,50.11,94.02,23.91,18.85,67.82,29.43,4.14,8.05,58.16,39.92,50.85,27.47
601,,Banda,1799410,275755,1523655,66.67,79.85,64.16,77.78,87.15,76.02,53.67,71.55,50.22,93.91,22.98,31.51,66.06,42.92,6.54,7.61,71.84,39.0,50.25,25.96
602,,Chitrakoot,76560,895398,991730,65.05,76.28,63.78,75.8,84.01,74.88,52.74,67.65,51.03,87.37,10.85,15.12,100.0,30.25,5.87,6.76,64.77,39.75,48.32,30.0
603,,Fatehpur,237750,2310740,2632733,67.43,75.73,66.23,77.19,81.58,76.57,56.58,69.28,54.75,84.17,19.45,17.31,65.75,28.25,4.66,6.07,75.67,40.41,51.54,28.06
604,,Pratapgarh,3209141,175242,3033899,70.09,79.46,69.54,81.88,85.97,81.63,58.45,72.52,57.65,72.88,22.9,16.03,63.26,36.69,5.63,6.87,84.84,33.24,43.87,22.58
605,,Kaushambi,1599596,124456,1475140,61.28,70.11,60.51,72.78,77.56,72.37,48.56,61.91,47.4,89.03,16.19,15.91,53.91,27.85,3.84,6.17,86.28,39.95,48.02,31.07
606,,Allahabad,5954391,1472873,4481518,72.32,82.51,68.76,82.55,86.96,80.97,60.97,77.34,55.46,69.1,64.54,11.39,48.34,35.67,4.45,5.38,72.2,35.47,45.54,24.3
607,,Faizabad,2470996,340253,2130743,68.73,80.03,66.85,78.12,84.43,77.01,59.03,75.06,56.5,85.34,27.37,27.04,77.73,28.1,4.53,6.07,83.81,33.64,47.47,19.26
608,,Ambedkar Nagar,2397888,280730,2117158,72.23,76.86,71.61,81.66,82.53,81.54,62.66,70.84,61.59,73.07,20.5,20.25,65.68,23.95,3.4,4.85,74.04,32.84,45.15,20.24
609,,Sultanpur,152258,3597201,3797117,69.27,83.14,68.47,80.19,88.62,79.68,58.28,77.2,57.24,77.06,23.98,17.85,69.38,34.19,3.64,3.76,80.1,32.73,45.43,19.8
610,,Bahraich,"3,487,731","284,044","3,203,687",49.36,68.82,47.53,58.34,72.09,57.06,39.18,65.22,36.68,92.49,28.18,16.92,100.0,23.77,4.49,6.03,70.49,33.03,48.57,15.61
611,,Shrawasti,1117361,38649,1078712,46.74,63.74,46.1,57.16,68.83,56.73,34.78,58.12,33.88,93.91,24.95,17.29,100.0,23.97,4.13,6.68,43.22,36.13,49.5,20.97
612,,Balrampur,2148665,166391,1982274,49.51,66.72,47.98,59.73,71.98,58.64,38.43,60.96,36.44,89.98,20.64,15.13,100.0,24.55,3.01,1.3,71.74,35.38,47.93,21.85
613,,Gonda,3433919,225029,3208890,58.71,76.71,57.38,69.41,81.31,68.52,47.09,71.63,45.29,76.6,6.35,17.94,100.0,35.65,5.3,3.53,74.06,34.09,47.89,19.11
614,,Siddharthnagar,2559297,160691,2398606,59.25,72.15,58.35,70.92,79.56,70.3,47.41,64.26,46.26,50.0,7.58,0.47,1.11,0.64,0.0,0.04,1.5,34.34,45.06,23.36
615,,Sant Kabir Nagar,1715183,128531,1586652,66.72,75.06,66.03,78.39,82.57,78.03,54.8,66.83,53.84,62.2,68.08,11.0,100.0,45.64,3.41,4.74,64.41,31.45,44.1,18.45
616,,Mahrajganj,2684703,134730,2549973,62.76,78.28,61.91,75.85,86.05,75.29,48.92,69.99,47.77,83.42,78.55,14.69,100.0,61.47,6.35,9.41,78.3,37.03,47.73,25.69
617,,Gorakhpur,4440895,836129,3604766,70.83,82.39,68.02,81.8,87.76,80.3,59.36,76.46,55.35,61.76,5.11,12.73,100.0,40.25,4.53,6.78,75.21,30.44,44.64,15.48
618,,Kushinagar,3564544,168107,3396437,65.25,74.94,64.75,77.71,81.52,77.51,52.36,67.76,51.59,83.15,95.5,14.63,100.0,51.87,6.78,10.51,78.59,31.34,44.27,17.87
619,,Deoria,3100946,316803,2784143,71.13,80.04,70.09,83.27,86.77,82.84,59.38,72.81,57.91,74.24,29.47,11.34,100.0,41.75,5.25,6.04,75.38,28.26,41.57,15.17
620,,Azamgarh,4613913,393401,4220512,70.93,77.31,70.33,81.34,82.6,81.22,60.91,71.74,59.93,57.47,25.74,10.74,100.0,45.79,3.37,5.87,73.0,29.74,41.22,18.47
621,,Mau,2205968,499208,1706760,73.09,77.51,71.8,82.45,82.9,82.32,63.63,71.84,61.29,52.17,55.3,6.34,100.0,7.87,0.0,0.0,0.2,31.58,42.65,20.28
622,,Ballia,3239774,304109,2935665,70.94,77.58,70.24,81.49,84.13,81.21,59.75,70.43,58.64,52.52,97.45,0.0,100.0,0.05,0.05,0.05,0.0,31.47,43.22,18.92
623,,Ghazipur,3620268,274360,3345908,71.78,80.34,71.06,82.8,86.81,82.45,60.29,73.27,59.23,54.23,73.1,14.09,73.28,43.87,6.46,8.03,63.43,33.27,43.59,22.43
624,,Chandauli,1952756,242553,1710203,71.48,76.75,70.72,81.72,82.89,81.55,60.35,69.98,58.96,64.56,73.47,10.88,100.0,40.14,1.75,2.46,52.07,33.42,45.48,20.28
625,,Varanasi,3676841,1597051,2079790,75.6,78.41,73.38,83.78,83.3,84.17,66.69,72.92,61.89,71.38,87.52,15.34,100.0,45.87,6.76,7.31,76.31,33.2,47.93,17.06
626,,Sant Ravidas Nagar (Bhadohi),1578213,229302,1348911,68.97,73.17,68.24,81.47,80.93,81.57,56.03,64.54,54.62,61.27,2.76,13.71,100.0,44.07,4.23,6.44,67.89,29.82,42.52,16.53
627,,Mirzapur,2496970,347567,2149403,68.48,75.52,67.29,78.97,82.29,78.4,56.86,67.78,55.06,67.91,98.97,11.12,55.42,49.51,5.67,5.9,76.1,35.32,46.72,22.7
628,,Sonbhadra,1862559,314342,1548217,64.03,84.31,59.6,74.92,90.73,71.37,52.14,76.93,46.89,63.62,5.9,14.23,100.0,55.86,6.18,6.97,77.28,39.21,47.73,29.94
629,,Etah,1774480,268142,1506338,70.81,76.89,69.69,81.28,82.43,81.08,58.8,70.7,56.58,89.1,19.46,21.69,100.0,29.31,4.34,6.8,72.57,30.77,46.47,12.78
630,,Kanshiram Nagar,1436719,288207,1148512,61.02,65.01,59.98,71.56,71.72,71.52,49.0,57.6,46.72,90.77,6.31,12.62,100.0,39.85,4.46,3.23,79.38,32.91,49.1,14.5
631,,,,,,,,,,,,,,,,,,,,,,,,,
632,,Uttarkashi,330086,24305,305781,75.81,88.72,74.74,88.79,94.84,88.25,62.35,81.46,60.89,88.9,25.94,21.47,99.71,26.22,6.34,10.81,29.54,47.65,49.98,45.21
633,,Chamoli,391605,59396,332209,82.65,91.99,80.94,93.4,95.63,92.91,72.32,87.2,70.08,80.6,20.94,24.44,99.83,18.46,4.36,5.21,20.26,46.2,48.37,44.08
634,,Rudraprayag,242285,9925,232360,81.3,90.03,80.92,93.9,94.0,93.9,70.35,84.23,69.89,76.42,22.97,22.82,92.8,36.14,5.97,6.58,25.73,46.65,45.68,47.53
635,,Tehri Garhwal,618931,70139,548792,76.36,88.77,74.73,89.76,93.43,89.18,64.28,83.05,62.21,80.55,17.87,15.28,99.77,40.53,4.74,5.13,31.0,45.31,47.26,43.5
636,,Dehradun,1696694,941941,754753,84.25,88.27,79.08,89.4,92.15,85.82,78.54,83.91,71.78,79.89,32.69,27.77,90.83,39.26,7.8,5.34,46.24,34.35,51.43,15.41
637,,Garhwal,687271,112703,574568,82.02,90.36,80.37,92.71,93.91,92.43,72.6,86.51,70.15,57.0,64.07,15.21,89.69,28.17,3.56,2.99,23.04,39.89,45.09,35.17
638,,Pithoragarh,483439,69605,413834,82.25,91.97,80.59,92.75,94.87,92.36,72.29,88.88,69.64,64.76,18.07,19.02,97.9,10.56,2.54,5.85,17.37,44.78,47.45,42.17
639,,Bageshwar,259898,9079,250819,80.01,90.74,79.61,92.33,95.12,92.22,69.03,86.06,68.45,54.23,100.0,21.05,99.08,21.85,2.75,2.63,22.08,47.57,47.22,47.89
640,,Almora,622506,62314,560192,80.47,94.35,78.85,92.86,97.16,92.26,69.93,91.03,67.88,64.06,12.96,13.78,92.17,26.88,2.7,2.93,22.66,47.9,48.94,46.99
641,,Champawat,259648,38343,221305,79.83,82.65,79.33,91.61,88.26,92.24,68.05,76.4,66.65,63.6,97.28,13.14,94.71,13.6,2.42,2.72,25.53,38.35,46.08,30.45
642,,Nainital,954605,371734,582871,83.88,85.26,82.99,90.07,88.82,90.89,77.29,81.37,74.7,66.0,83.23,15.13,99.54,35.64,5.29,6.65,65.82,39.41,52.05,25.87
643,,Udham Singh Nagar,1648902,586760,1062142,73.1,75.89,71.55,81.09,82.22,80.45,64.45,68.88,62.02,93.47,95.4,12.31,100.0,19.88,6.38,4.01,84.27,35.87,51.77,18.59
644,,Hardwar,1890422,693094,1197328,73.43,81.91,68.29,81.04,87.05,77.36,64.79,75.98,58.11,88.61,94.21,20.46,90.54,47.88,10.81,9.46,85.91,30.58,49.52,9.07
645,,,,,,,,,,,,,,,,,,,,,,,,,
646,,Barddhaman,7717563,3078299,4639264,76.21,81.54,72.65,82.42,87.31,79.12,69.63,75.34,65.86,95.95,63.36,25.02,97.23,59.68,9.76,19.4,51.28,37.72,57.81,16.48
647,,Darjiling,1846823,727963,1118860,79.56,87.48,74.27,85.61,91.37,81.76,73.33,83.48,66.59,89.29,58.6,28.41,89.45,26.95,8.93,6.49,63.96,37.02,51.17,22.44
648,,Jalpaiguri,3872846,1060351,2812495,73.25,82.39,69.73,79.95,86.75,77.3,66.23,77.75,61.82,97.35,71.87,37.47,89.28,51.53,11.56,8.22,54.87,39.06,55.03,22.31
649,,Koch Bihar,2819086,289434,2529652,74.78,88.36,73.16,80.71,91.64,79.43,68.49,85.0,66.47,89.93,52.03,24.2,86.84,32.42,8.13,9.1,49.47,40.01,58.24,20.67
650,,Uttar Dinajpur,3007134,362228,2644906,59.07,80.28,55.99,65.52,83.91,62.82,52.17,76.32,48.72,91.73,59.86,13.9,94.03,27.53,5.83,3.59,43.46,35.77,51.55,18.96
651,,Dakshin Dinajpur,1676276,236295,1439981,72.82,88.68,70.1,78.37,91.78,76.11,67.01,85.52,63.79,78.19,39.06,10.62,91.09,28.07,4.68,5.06,45.45,41.94,58.28,24.84
652,,Maldah,3988845,541660,3447185,61.73,76.58,59.37,66.24,78.92,64.19,56.96,74.03,54.29,85.5,57.99,16.48,90.33,26.58,5.89,4.96,37.55,38.55,52.96,23.3
653,,Murshidabad,7103807,1400692,5703115,66.59,71.85,65.3,69.95,76.23,68.42,63.09,67.34,62.03,93.32,63.63,25.93,93.21,38.65,10.76,11.19,40.93,36.46,54.74,17.38
654,,Birbhum,3502404,449448,3052956,70.68,81.07,69.1,76.92,85.97,75.56,64.14,76.01,62.33,90.68,46.81,19.3,92.73,43.16,5.44,9.36,34.95,38.02,57.5,17.64
655,,Nadia,5167600,1438873,3728727,74.97,85.35,70.85,78.75,88.95,74.76,70.98,81.63,66.69,95.56,62.09,26.07,94.41,50.49,14.14,16.53,60.12,35.66,58.56,11.48
656,,North Twenty Four Parganas,10009781,5732162,4277619,84.06,88.87,77.37,87.61,91.78,81.87,80.34,85.84,72.61,97.04,73.54,25.54,93.29,41.41,13.5,12.05,57.01,35.68,57.53,12.81
657,,Hugli,5519145,2128499,3390646,81.8,86.91,78.53,87.03,90.51,84.78,76.36,83.12,72.09,92.67,62.49,20.36,96.15,46.42,12.32,17.75,41.26,39.01,60.88,16.24
658,,Bankura,3596674,299773,3296901,70.26,84.42,68.93,80.05,90.15,79.1,60.05,78.5,58.31,85.52,35.9,13.95,87.36,36.29,4.41,7.36,29.04,40.77,57.17,23.62
659,,Puruliya,2930115,373314,2556801,64.48,76.18,62.73,77.86,84.63,76.83,50.52,67.15,48.06,92.4,45.38,17.53,82.88,33.31,4.88,3.7,30.34,42.65,53.52,31.29
660,,Haora,4850029,3074144,1775885,83.31,85.21,79.98,86.95,88.19,84.75,79.43,82.01,74.96,98.29,80.9,24.38,93.32,47.98,11.49,14.44,49.22,37.52,59.91,13.69
661,,Kolkata,4496694,4496694,0,86.31,86.31,0.0,88.34,88.34,0.0,84.06,84.06,0.0,,,,,,,,,39.93,59.93,17.91
662,,South Twenty Four Parganas,8161961,2087773,6074188,77.51,82.67,75.68,83.35,86.76,82.14,71.4,78.42,68.9,95.69,70.49,30.71,91.48,36.32,9.12,4.71,39.93,36.32,56.46,15.24
663,,Paschim Medinipur,5913457,722686,5190771,78.0,85.96,76.87,85.26,90.45,84.52,70.5,81.35,68.94,71.87,38.32,9.6,84.65,26.47,4.25,7.91,19.47,42.43,58.43,25.87
664,,Purba Medinipur,5095875,592714,4503161,87.02,88.6,86.81,92.32,92.9,92.24,81.37,83.95,81.03,89.77,66.61,19.65,93.55,29.47,7.5,19.3,23.94,37.49,57.65,15.99
